publisher,title,description,content,tag,photo,author,editor,category,published_date
bogor.jawapos.com,"Rayakan HUT ke-79 RI, Warga Kota Bogor Gelar Kirab Bendera Merah Putih 100 Meter di Tugu Kujang","Ribuan orang gabungan berbagai unsur warga Kota Bogor mengusung dua bendera merah putih dalam Kirab Merah putih di Tugu Kujang, Kota Bogor.","<p> <!--img1--> </p> <p>&nbsp;</p> <p>JP Bogor &ndash; Ribuan orang gabungan dari berbagai unsur <em>stakeholder</em>, TNI-Polri, dan masyarakat Kota Bogor ramai-ramai mengusung dua bendera merah putih, masing-masing sepanjang 100 meter.</p> <p>Mereka bergerak dari Tugu Kujang hingga Pusat Pendidikan Zeni (Pusdikzi) Jalan Jenderal Sudirman Kota Bogor. Arak-arakan itu bagian dari kegiatan Kirab bendera Merah Putih yang digelar Minggu (18/8).</p> <p>Penjabat (Pj) Wali Kota Bogor Hery Antasari mengatakan, Kirab Merah Putih ini merupakan puncak kegiatan Festival Merah Putih (FMP) yang digelar selama Agustus 2024. Kegiatan itu merupakan bagian perayaan HUT ke-79 Kemerdekaan RI yang diperingati sehari sebelumnya (17/8).</p> <p>&ldquo;FMP ini diinisiasi oleh teman-teman masyarakat dari Bogor Sahabat -Bobat-, bukan pemerintah. Kita pemerintah, TNI-Polri, mendukung karena ini positif sekali,&rdquo; kata Hery pada Minggu (18/8) sebagaimana dilansir dari <em>Antara</em>.</p> <p>Dia mengatakan, FMP tahun ini mengusung tema <em>Nusantara Baru Indonesia Maju</em>. Di sepanjang rute Kirab Merah Putih sejauh 4 kilometer, tema itu terus digaungkan di tengah warga Kota Bogor.</p> <p>Hery berpesan kepada seluruh warga Kota Bogor agar menjaga kebersamaan di segala kegiatan, tidak semata-mata seremonial. Sambil mengingat bahwa seluruh masyarakat berada di bawah bendera panji merah putih.</p> <p>&ldquo;Kita semua adalah NKRI. Kita semua sama, kita semua harus melestarikan nilai pendahulu kita yang berjuang demi kemerdekaan Indonesia,&rdquo; imbuh Hery.</p> <p>Selain Kirab Merah Putih, kegiatan ini juga diwarnai dengan penampilan drumband dari Universitas Pertahanan Indonesia, atraksi barongsai, formasi ketangkasan baris berbaris, dan atraksi silat dari Ikatan Pencak Silat Indonesia (IPSI).</p>","[{""name"":""kota bogor"",""id"":16102,""slug"":""""},{""name"":""bendera merah putih"",""id"":47852,""slug"":""""},{""name"":""kirab bendera merah putih"",""id"":1907050,""slug"":""""},{""name"":""100 meter"",""id"":3800959,""slug"":""100-meter""},{""name"":""hut ke-79 ri"",""id"":3819542,""slug"":""hut-ke79-ri""},{""name"":""festival merah putih"",""id"":4327831,""slug"":""""},{""name"":""Tugu Kujang Bogor"",""id"":5179509,""slug"":""tugu-kujang-bogor""}]","[{""watermark"":""0"",""src"":""https:\/\/static.promediateknologi.id\/crop\/0x0:0x0\/x\/photo\/p2\/255\/2024\/08\/19\/IMG_4064-3947511109.jpeg"",""author"":"""",""caption"":""Suasana Kegiatan Kirab Merah Putih sebagai puncak acara Festival Merah Putih di Kota Bogor, Minggu (18\/8\/2024). (ANTARA\/Shabrina Zakaria)"",""block"":""<img src=\""https:\/\/static.promediateknologi.id\/crop\/0x0:0x0\/x\/photo\/p2\/255\/2024\/08\/19\/IMG_4064-3947511109.jpeg\"" width=\""100%\"" data-crop=\""\"" data-caption=\""Suasana Kegiatan Kirab Merah Putih sebagai puncak acara Festival Merah Putih di Kota Bogor, Minggu (18\/8\/2024). (ANTARA\/Shabrina Zakaria)\"" data-author=\""\"" data-source=\""\"" data-credit=\""\"" data-watermark=\""0\"" \/>"",""source"":"""",""credit"":"""",""crop"":""""}]","[{""profile"":"""",""name"":""Antara"",""photo"":null,""id"":123,""email"":""antara@news.com""}]","{""profile"":"""",""name"":""Bayu Putra"",""photo"":null,""id"":89,""email"":""bayuputra.virtual@gmail.com""}","{""parent"":null,""name"":""Teras Bogor"",""description"":""Teras Bogor"",""alias"":""teras-bogor"",""id"":4722,""title"":""Teras Bogor"",""keyword"":""Teras Bogor""}",2024-08-19 17:05:15
bogor.jawapos.com,"Petakan 8.000 TPS untuk Pilkada di Kabupaten Bogor, Kapolres Bogor: 120-an TPS Sangat Rawan","Polres Bogor telah memetakan TPS yang rawan konflik pada Pilkada di Kabupaten Bogor, Jawa Barat, dan hasilnya ada 120 TPS yang sangat rawan.","<p> <!--img1--> </p> <p>JP Bogor &ndash;&nbsp;Polres Bogor telah memetakan tempat pemungutan suara (TPS) yang rawan pada Pilkada di Kabupaten Bogor, Jawa Barat. Tercatat sedikitnya 120 TPS punya potensi kerawanan.</p> <p>""Titik rawannya kurang lebih kami klasifikasikan kan jumlah TPS kurang lebih 8.000. Yang masuk dalam klasifikasi sangat rawan itu kurang lebih 120-an tersebar semuanya,"" kata Kapolres Bogor AKBP Rio Wahyu Anggoro usai simulasi pengamanan Pilkada di Stadion Pakansari, Cibinong, Senin (19/8), sebagaimana dilansir dari <em>Antara</em>.</p> <p>Dia menjelaskan, pengklasifikasian ini didasari letak geografis dan angka kriminalitas di masing-masing wilayah. Termasuk kasus tawuran, perampokan, atau kejahatan lain.</p> <p>""Tentunya kami sudah mempunyai gambaran secara utuh dan komprehensif agar bisa melakukan evaluasi dalam rangka pengamanan kegiatan tersebut,"" bebernya.</p> <p>Rio memastikan jajarannya siap menggelar pengamanan pilkada secara komprehensif. Diawali dengan kegiatan simulasi Sistem Pengamanan Dalam Kota (Sispam Kota).</p> <p>""Anggota semua secara komprehensif, secara kordinasi, secara komunikasi, sudah bersatu padu. Adanya kerja sama antara Polri, TNI, dengan seluruh stakeholder dalam rangka pengamanan,"" kata Rio.</p> <p>Polres Bogor menyiagakan sebanyak 1.096 personel untuk mengamankan jalannya Pilkada Kabupaten Bogor 2024 dan Pilkada Jawa Barat 2024. &nbsp;Pengamanan itu masih ditambah perbantuan dari Brimob dan Polda Jawa Barat serta didukung jajaran TNI.</p> <p>""Kita siap untuk mengamankan Pilkada agar aman agar damai, sukses, dan lancar. Dalam rangka ketulusan dan kehati-hatian kita kepada masyarakat Kabupaten Bogor,"" imbuh Rio.<br /> </p>","[{""name"":""pengamanan pilkada"",""id"":27656,""slug"":""""},{""name"":""kabupaten bogor"",""id"":47817,""slug"":""""},{""name"":""angka kriminalitas"",""id"":71177,""slug"":""""},{""name"":""polres bogor"",""id"":145786,""slug"":""""},{""name"":""tps rawan"",""id"":315130,""slug"":""""},{""name"":""pilkada kabupaten bogor 2024"",""id"":1374106,""slug"":""""},{""name"":""sispam kota"",""id"":5425452,""slug"":""sispam-kota""},{""name"":""Pilkada Jawa Barat 2024"",""id"":6460946,""slug"":""pilkada-jawa-barat-2024""}]","[{""watermark"":""0"",""src"":""https:\/\/static.promediateknologi.id\/crop\/0x0:0x0\/x\/photo\/p2\/255\/2024\/08\/20\/1001872664-714704226.jpg"",""author"":"""",""caption"":""Polres Bogor menggelar simulasi pengamanan pilkada di Stadion Pakansari, Cibinong, Kabupaten Bogor, Jawa Barat, Senin (19\/8\/2024). (ANTARA\/M Fikri Setiawan)"",""block"":""<img src=\""https:\/\/static.promediateknologi.id\/crop\/0x0:0x0\/x\/photo\/p2\/255\/2024\/08\/20\/1001872664-714704226.jpg\"" width=\""100%\"" data-crop=\""\"" data-caption=\""Polres Bogor menggelar simulasi pengamanan pilkada di Stadion Pakansari, Cibinong, Kabupaten Bogor, Jawa Barat, Senin (19\/8\/2024). (ANTARA\/M Fikri Setiawan)\"" data-author=\""\"" data-source=\""\"" data-credit=\""\"" data-watermark=\""0\"" \/>"",""source"":"""",""credit"":"""",""crop"":""""}]","[{""profile"":"""",""name"":""Antara"",""photo"":null,""id"":123,""email"":""antara@news.com""}]","{""profile"":"""",""name"":""Bayu Putra"",""photo"":null,""id"":89,""email"":""bayuputra.virtual@gmail.com""}","{""parent"":null,""name"":""Teras Bogor"",""description"":""Teras Bogor"",""alias"":""teras-bogor"",""id"":4722,""title"":""Teras Bogor"",""keyword"":""Teras Bogor""}",2024-08-20 07:31:31
bogor.jawapos.com,"Kota Bogor Dapat Dua Penghargaan di HUT Jabar, Pj Wali Kota Hery: Pariwisata di Kota Bogor Sehat   ","Kota Bogor meraih dua penghargaan di momen periingatan HUT ke-79 Provinsi Jawa Barat, terkait pariwisata ramah muslim dan asset award.","<p> <!--img1--> </p> <p>&nbsp;</p> <p>JP Bogor &ndash; Pemkot Bogor baru saja meraih dua penghargaan tingkat provinsi saat peringatan HUT ke-79 Provinsi Jawa Barat.</p> <p>Masing-masing adalah Juara Kedua Asset Award dan pemeringkatan Pariwisata Ramah Muslim Terbaik Pertama dalam program Smiling West Java Muslim Friendly Tourism (SWJ-MFT) Award 2024.</p> <p>Penghargaan itu diberikan langsung oleh Penjabat&nbsp;(Pj) Gubernur Jawa Barat Bey Machmudin kepada Penjabat Wali Kota Bogor Hery Antasari,&nbsp;dalam upacara di Lapangan Gasibu, Kota Bandung, Senin (19/8).</p> <p>&ldquo;Alhamdulillah, hari ini mendapatkan dua penghargaan sekaligus. Di bidang pariwisata, ini membuktikan bahwa pariwisata di Kota Bogor pariwisata yang sehat untuk semua golongan,&rdquo; kata Hery usai penerimaan penghargaan, sebagaimana dilansir dari <em>Antara</em>.</p> <p>Begitu pula juara kedua pada Asset Award. Menurut Hery, itu menandakan Kota Bogor dinilai sebagai salah satu Kota terbaik di Jawa Barat. Meskipun diakui masih banyak pekerjaan rumah yang perlu dibereskan.</p> <p>&ldquo;Ini apresiasi terhadap kinerja teman-teman di BKAD dan Disparbud Kota Bogor. Jadi saya berterima kasih kepada seluruh jajaran,&rdquo; katanya.</p> <p>Hery mengatakan, penghargaan ini terus menjadi pemicu bagi Organisasi Perangkat Daerah (OPD) lainnya untuk menghasilkan prestasi yang membanggakan untuk Kota Bogor. Capaian ini pula, kata Hery, merupakan konduite dari para OPD.</p> <p>&ldquo;Ini hasil dari kinerja teman-teman OPD dan warga Kota Bogor. Dinas yang lain pun pada waktunya nanti akan ada prestasi-prestasi yang bisa dibanggakan,&rdquo; ucapnya.</p> <p>Sementara itu, Penjabat Gubernur Jawa Barat Bey Triadi Machmudin menyampaikan, tema yang diusung dalam HUT Jabar adalah <em>Jabar Menyala, Indonesia Maju</em>.</p> <p>Bey mengatakan, tema itu &nbsp;bukan hanya menjadi semboyan. Melainkan juga komitmen dan tanggung jawab untuk terus menyalakan semangat perjuangan dan pembangunan.</p> <p>&ldquo;Ketika berbicara tentang Jabar Menyala, kita tidak bisa lepas dari sejarah besar yang menjadi landasan semangat ini. Hari ini, di usia Jawa Barat yang ke-79, kita menyalakan kembali api tersebut,&rdquo; imbuh Bey.</p>","[{""name"":""penghargaan"",""id"":6640,""slug"":""""},{""name"":""kota bogor"",""id"":16102,""slug"":""""},{""name"":""Bey Triadi Machmudin"",""id"":5298224,""slug"":""bey-triadi-machmudin""},{""name"":""Pariwisata ramah muslim"",""id"":6024616,""slug"":""pariwisata-ramah-muslim""},{""name"":""Pariwisata Sehat"",""id"":6078412,""slug"":""""},{""name"":""Hery Antasari"",""id"":6288074,""slug"":""hery-antasari""},{""name"":""Asset award"",""id"":6383448,""slug"":""asset-award""}]","[{""watermark"":""0"",""src"":""https:\/\/static.promediateknologi.id\/crop\/0x0:0x0\/x\/photo\/p2\/255\/2024\/08\/20\/ee73f69f-20d8-4d0c-ac2c-b41d99d03aa3-335379209.jpeg"",""author"":"""",""caption"":""Penjabat Gubernur Jawa Barat Bey Triadi Machmudin (kanan) menyerahkan penghargaan kepada Penjabat Wali Kota Bogor Hery Antasari di Bandung, Senin (19\/8). (ANTARA\/HO-Pemkot Bogor)"",""block"":""<img src=\""https:\/\/static.promediateknologi.id\/crop\/0x0:0x0\/x\/photo\/p2\/255\/2024\/08\/20\/ee73f69f-20d8-4d0c-ac2c-b41d99d03aa3-335379209.jpeg\"" width=\""100%\"" data-crop=\""\"" data-caption=\""Penjabat Gubernur Jawa Barat Bey Triadi Machmudin (kanan) menyerahkan penghargaan kepada Penjabat Wali Kota Bogor Hery Antasari di Bandung, Senin (19\/8). (ANTARA\/HO-Pemkot Bogor)\"" data-author=\""\"" data-source=\""\"" data-credit=\""\"" data-watermark=\""0\"" \/>"",""source"":"""",""credit"":"""",""crop"":""""}]","[{""profile"":"""",""name"":""Antara"",""photo"":null,""id"":123,""email"":""antara@news.com""}]","{""profile"":"""",""name"":""Bayu Putra"",""photo"":null,""id"":89,""email"":""bayuputra.virtual@gmail.com""}","{""parent"":null,""name"":""Teras Bogor"",""description"":""Teras Bogor"",""alias"":""teras-bogor"",""id"":4722,""title"":""Teras Bogor"",""keyword"":""Teras Bogor""}",2024-08-20 07:46:55
bogor.jawapos.com,"SK KPU RI Belum Turun, 50 Anggota DPRD Kota Bogor 2024–2029 Terpilih Urung Dilantik   ","Pelantikan anggota DPRD Kota Bogor, Jawa Barat periode 2024–2029 Batal dilaksanakan pada Selasa (20/8).","<p> <!--img1--> </p> <p>&nbsp;</p> <p>JP Bogor &ndash; Pelantikan anggota DPRD Kota Bogor, Jawa Barat periode 2024&ndash;2029 Batal dilaksanakan pada Selasa (20/8). Agenda pelantikan itu diundur sampai batas waktu yang belum ditentukan.</p> <p>Hal itu disampaikan Wakil Ketua Komisi I DPRD Kota Bogor Endah Purwanti, usai menggelar rapat kerja dengan KPU dan Badan Kesbangpol Kota Bogor di hari terakhir masa kerjanya, Selasa.</p> <p>menurut Endah, penundaan itu lantaran KPU Kota Bogor masih menunggu surat keputusan KPU RI yang akan menjadi acuan penetapan 50 orang anggota DPRD Kota Bogor periode 2024&ndash;2029.</p> <p><strong class=""read__others"">Baca Juga: <a href=""https://bogor.jawapos.com/teras-bogor/2554995442/petakan-8000-tps-untuk-pilkada-di-kabupaten-bogor-kapolres-bogor-120-an-tps-sangat-rawan"">Petakan 8.000 TPS untuk Pilkada di Kabupaten Bogor, Kapolres Bogor: 120-an TPS Sangat Rawan</a></strong></p> <p>&ldquo;Sampai hari ini, KPU Kota belum dapat surat dari KPU RI. Asumsinya paling cepat surat akan diterima dalam 3 hari ke depan. Sehingga dapat dipastikan bahwa pelantikan DPRD 2024&ndash;2029 diundur dari yang dijadwalkan,&rdquo; jelas Endah, sebagaimana dilansir dari <em>Antara</em>.</p> <p>Sementara, masa kerja anggota DPRD Kota Bogor periode 2019&ndash;2024 telah berakhir pada Selasa, 20 Agustus 2024.</p> <p>Terkait diundurnya pelantikan anggota DPRD Kota Bogor periode 2024-2029, Endah akan menindaklanjuti ke pihak Sekretariat DPRD Kota Bogor dan Pemkot Bogor.</p> <p>Sebab, dalam SK Gubernur Jawa Barat tentang peresmian pengangkatan keanggotaan DPRD Kota Bogor masa jabatan 2019&ndash;2024 terdapat klausul. Bahwa masa jabatan anggota DPRD Kota Bogor 2019&ndash;2024 tetap berlaku sampai pengambilan sumpah janji anggota DPRD Kota Bogor yang baru.</p> <p>&ldquo;Kami akan menindaklanjuti dengan berkomunikasi dengan Sekretariat DPRD Kota Bogor dan Pemerintah Kota Bogor, agar semuanya&nbsp;klir&nbsp;dan tidak ada permasalahan di kemudian hari,&rdquo; ucapnya.</p>","[{""name"":""pemkot bogor"",""id"":56445,""slug"":""""},{""name"":""kpu ri"",""id"":139373,""slug"":""""},{""name"":""pelantikan"",""id"":183784,""slug"":""""},{""name"":""kpu kota bogor"",""id"":194941,""slug"":""""},{""name"":""Anggota DPRD Kota Bogor"",""id"":4312467,""slug"":""""},{""name"":""Sekretariat DPRD Kota Bogor"",""id"":6462573,""slug"":""sekretariat-dprd-kota-bogor""}]","[{""watermark"":""0"",""src"":""https:\/\/static.promediateknologi.id\/crop\/0x0:0x0\/x\/photo\/p2\/255\/2024\/08\/21\/4bf19b4a-176a-47fc-9439-3f7d9c04a368-3197476659.jpeg"",""author"":"""",""caption"":""Wakil Ketua Komisi I DPRD Kota Bogor Endah Purwanti. (ANTARA\/HO-DPRD Kota Bogor)."",""block"":""<img src=\""https:\/\/static.promediateknologi.id\/crop\/0x0:0x0\/x\/photo\/p2\/255\/2024\/08\/21\/4bf19b4a-176a-47fc-9439-3f7d9c04a368-3197476659.jpeg\"" width=\""100%\"" data-crop=\""\"" data-caption=\""Wakil Ketua Komisi I DPRD Kota Bogor Endah Purwanti. (ANTARA\/HO-DPRD Kota Bogor).\"" data-author=\""\"" data-source=\""\"" data-credit=\""\"" data-watermark=\""0\"" \/>"",""source"":"""",""credit"":"""",""crop"":""""}]","[{""profile"":"""",""name"":""Antara"",""photo"":null,""id"":123,""email"":""antara@news.com""}]","{""profile"":"""",""name"":""Bayu Putra"",""photo"":null,""id"":89,""email"":""bayuputra.virtual@gmail.com""}","{""parent"":null,""name"":""Teras Bogor"",""description"":""Teras Bogor"",""alias"":""teras-bogor"",""id"":4722,""title"":""Teras Bogor"",""keyword"":""Teras Bogor""}",2024-08-21 08:42:58
bogor.jawapos.com,"Pemkot Bogor Siapkan Studi Kelayakan ART, Berpotensi Gantikan Rencana Pengembangan Trem Kota Bogor",Pemkot Bogor menyiapkan studi kelayakan untuk penggunaan autonomous rail rapid transit (ART) atau trem otonom di Kota Bogor.,"<p> <!--img1--> </p> <p><strong>JP Bogor &ndash; </strong>Pemkot Bogor menyiapkan studi kelayakan untuk penggunaan <em>autonomous rail rapid transit</em> (ART) atau yang dikenal dengan trem otonom di Kota Bogor. ART akan menjadi opsi pengganti trem sebagai bagian sistem perkeretaan kota.</p> <p>Sekretaris Daerah Kota Bogor Syarifah Sofiah mengatakan, studi kelayakan itu dilakukan lagi lantaran ada perubahan desain antara ART dan wacana trem sebelumnya.</p> <p>&ldquo;<em>Kan</em> beda. Kalau koridor mungkin tetap ya. Tapi kalau misalnya hitungan rencana anggaran biaya dan sebagainya, itu pasti berubah lagi,&rdquo; jelasnya, Selasa (20/8) sebagaimana dilansir dari <em>Antara</em>.</p> <p><strong class=""read__others"">Baca Juga: <a href=""https://bogor.jawapos.com/teras-bogor/2554993645/rayakan-hut-ke-79-ri-warga-kota-bogor-gelar-kirab-bendera-merah-putih-100-meter-di-tugu-kujang"">Rayakan HUT ke-79 RI, Warga Kota Bogor Gelar Kirab Bendera Merah Putih 100 Meter di Tugu Kujang</a></strong></p> <p>Saat ini, lanjut Syarifah, Pemkot Bogor masih berkoordinasi dengan PT KAI terkait waktu pelaksanaan studi kelayakan.</p> <p>Sebagaimana trem, nantinya ART juga diproyeksikan dibiayai oleh investor, bukan APBD Kota Bogor. Karena itu, Pemkot Bogor akan kembali melanjutkan penjajakan mencari investor untuk membiayai rencana ini.</p> <p>&ldquo;Kalau TOR (<em>term of reference</em>) <em>kan</em> kita sudah ada kajian berapa penumpang, berapa alur jalannya. Jadi data-data itu sangat sayang kalau <em>nggak</em> kita pakai,&rdquo; jelas Syarifah.</p> <p>Di sisi lain, kata dia, studi kelayakan ini juga bisa mempertimbangkan apakah pengembangan ART lebih murah dibandingkan trem yang membutuhkan biaya sekitar Rp 1,7 triliun. Sebab, ART tidak membutuhkan rel seperti trem.</p> <p><strong class=""read__others"">Baca Juga: <a href=""https://bogor.jawapos.com/teras-bogor/2554995482/kota-bogor-dapat-dua-penghargaan-di-hut-jabar-pj-wali-kota-hery-pariwisata-di-kota-bogor-sehat"">Kota Bogor Dapat Dua Penghargaan di HUT Jabar, Pj Wali Kota Hery: Pariwisata di Kota Bogor Sehat &nbsp;</a></strong></p> <p>&rdquo;Kami juga akan mengukur nih, beratnya ART sama nggak dengan trem sebelumnya. Kalau beratnya lebih ringan, lebih enak karena bebannya di bawah (trem). Kita kan banyak jembatan yang sudah tua ya. Beban itu masih bisa dilewati tanpa harus mengubah dulu konstruksinya,&rdquo; ucapnya.</p> <p>Sebelumnya, Pemkot Bogor mengkaji ART atau trem otonom sebagai opsi pengganti sistem perkeretaan kota, trem, yang juga tengah diwacanakan di Kota Bogor.</p>","[{""name"":""trem otonom"",""id"":900584,""slug"":""""},{""name"":""trem kota bogor"",""id"":6298204,""slug"":""""},{""name"":""autonomous rail rapid transit ART"",""id"":6462727,""slug"":""autonomous-rail-rapid-transit-art""},{""name"":""sistem perkeretaan kota"",""id"":6462730,""slug"":""sistem-perkeretaan-kota""}]","[{""watermark"":""0"",""src"":""https:\/\/static.promediateknologi.id\/crop\/0x0:0x0\/x\/photo\/p2\/255\/2024\/08\/21\/ARTJPG-1561077650.jpg"",""author"":"""",""caption"":""Penampakan bagian dalam autonomous rail rapid transit (ART) atau trem otonom yang mengaspal di Ibu Kota Nusantara. (Ferlynda Putri\/Jawa Pos Koran) "",""block"":""<img src=\""https:\/\/static.promediateknologi.id\/crop\/0x0:0x0\/x\/photo\/p2\/255\/2024\/08\/21\/ARTJPG-1561077650.jpg\"" width=\""100%\"" data-crop=\""\"" data-caption=\""Penampakan bagian dalam autonomous rail rapid transit (ART) atau trem otonom yang mengaspal di Ibu Kota Nusantara. (Ferlynda Putri\/Jawa Pos Koran) \"" data-author=\""\"" data-source=\""\"" data-credit=\""\"" data-watermark=\""0\"" \/>"",""source"":"""",""credit"":"""",""crop"":""""}]","[{""profile"":"""",""name"":""Antara"",""photo"":null,""id"":123,""email"":""antara@news.com""}]","{""profile"":"""",""name"":""Bayu Putra"",""photo"":null,""id"":89,""email"":""bayuputra.virtual@gmail.com""}","{""parent"":null,""name"":""Teras Bogor"",""description"":""Teras Bogor"",""alias"":""teras-bogor"",""id"":4722,""title"":""Teras Bogor"",""keyword"":""Teras Bogor""}",2024-08-21 10:44:41
bogor.jawapos.com,"Gelar Pameran Foto di Mal BTM Bogor, FMP dan PFI Bogor Hadirkan Foto-foto Ikonik dari Masa ke Masa   ",Festival Merah Putih (FMP) 2024 dan PFI Bogor menggelar pameran foto bertema Festival Merah Putih dari Masa ke Masa di Mal BTM Bogor. ,"<p> <!--img1--> </p> <p>&nbsp;</p> <p><strong>JawaPos.com </strong>Festival Merah Putih (FMP) 2024 bersama Pewarta Foto Indonesia (PFI) Bogor menggelar pameran foto bertema <em>Festival Merah Putih dari Masa ke Masa</em>. Pameran itu digelar di lantai 3 Mal BTM Bogor, dari 19&ndash;25 Agustus 2024 yang dapat dinikmati secara gratis.</p> <p>Sesuai HUT ke-79 Kemerdekaan RI, dalam pameran itu disuguhkan 79 foto yang menjadi sorotan kegiatan FMP dari tahun ke tahun.</p> <p>Seperti memerah putihkan Bogor, upacara penaikan dan penurunan bendera, doa lintas agama, edukasi, seni dan budaya, sosial, olahraga, hingga pengembangan ekonomi dari awal pelaksanaan FMP hingga saat ini.</p> <p>Ketua PFI Bogor Andi M Ridwan mengatakan, ribuan foto FMP dari masa ke masa itu dikurasi dari periode 2016 sampai pertengahan 2024.</p> <p><strong class=""read__others"">Baca Juga: <a href=""https://bogor.jawapos.com/teras-bogor/2554995482/kota-bogor-dapat-dua-penghargaan-di-hut-jabar-pj-wali-kota-hery-pariwisata-di-kota-bogor-sehat"">Kota Bogor Dapat Dua Penghargaan di HUT Jabar, Pj Wali Kota Hery: Pariwisata di Kota Bogor Sehat &nbsp;</a></strong></p> <p>Melalui pameran foto ini, kata Andi, warga bisa bernostalgia dari banyaknya momen dan cerita yang tercipta sepanjang sembilan tahun FMP hadir di tengah-tengah masyarakat Bogor.</p> <p>Andi berharap foto-foto tersebut menjadi sumber inspirasi bagi generasi muda dan masyarakat. Terutama untuk merenungkan pentingnya menjaga persatuan di tengah keberagaman bangsa dalam kehidupan sehari-hari.</p> <p>&ldquo;Foto yang dipamerkan ini merekam semua hal yang ada dalam Festival Merah Putih. Agar generasi mendatang bisa melihat kembali apa yang dilakukan di waktu yang telah berlalu. Lihatlah momentumnya bukan hanya gambarnya. Biar foto yang berbicara. Inilah pesan yang ingin disampaikan dari Bogor untuk Indonesia,&rdquo; ujar Andi, sebagaimana dilansir dari <em>Antara</em>.</p> <p>Selain pameran foto, akan diadakan juga Workshop&nbsp;Fotografi tentang Citizen Journalism pada 24&ndash;25 Agustus 2024. Workshop ini gratis dan terbuka untuk umum serta pelajar.</p> <p>Humas dan Media Relation FMP, Ben Mbo&rsquo;oh mengatakan, pameran ini menjadi sarana untuk menginformasikan kepada masyarakat luas tentang semangat kebangsaan, yang telah dirintis oleh FMP sejak tahun 2016.</p> <p><strong class=""read__others"">Baca Juga: <a href=""https://bogor.jawapos.com/teras-bogor/2554993645/rayakan-hut-ke-79-ri-warga-kota-bogor-gelar-kirab-bendera-merah-putih-100-meter-di-tugu-kujang"">Rayakan HUT ke-79 RI, Warga Kota Bogor Gelar Kirab Bendera Merah Putih 100 Meter di Tugu Kujang</a></strong></p> <p>Menurut dia, setiap foto yang dipamerkan lebih dari sekadar gambar. Bahkan foto-foto itu bisa menjadi jendela yang menunjukkan semangat persatuan dan nasionalisme masyarakat Bogor.</p> <p class=""class-paragraph"">&ldquo;Kami percaya bahwa fotografi memiliki kekuatan untuk menyentuh emosi dan membangkitkan kesadaran. Menjadikan pameran ini sebagai cara terbaik untuk menyampaikan pesan kebangsaan kepada masyarakat luas,&rdquo; ujar Ben.&nbsp;</p>","[{""name"":""pameran foto"",""id"":186055,""slug"":""""},{""name"":""Citizen Journalism"",""id"":1911281,""slug"":""""},{""name"":""pewarta foto indonesia bogor"",""id"":3262460,""slug"":""pewarta-foto-indonesia-bogor""},{""name"":""hut ke-79 ri"",""id"":3819542,""slug"":""hut-ke79-ri""},{""name"":""Mal BTM Bogor"",""id"":4326054,""slug"":""""},{""name"":""Festival Merah Putih 2024"",""id"":6450659,""slug"":""festival-merah-putih-2024""}]","[{""watermark"":""0"",""src"":""https:\/\/static.promediateknologi.id\/crop\/0x0:0x0\/x\/photo\/p2\/255\/2024\/08\/21\/4a5ce39d-ec71-45c0-b9a7-c9b318f76adc-2180085119.jpeg"",""author"":"""",""caption"":""Suasana pameran foto Festival Merah Putih dari Masa ke Masa di Mal BTM Bogor. (ANTARA\/HO-PFI Bogor)"",""block"":""<img src=\""https:\/\/static.promediateknologi.id\/crop\/0x0:0x0\/x\/photo\/p2\/255\/2024\/08\/21\/4a5ce39d-ec71-45c0-b9a7-c9b318f76adc-2180085119.jpeg\"" width=\""100%\"" data-crop=\""\"" data-caption=\""Suasana pameran foto Festival Merah Putih dari Masa ke Masa di Mal BTM Bogor. (ANTARA\/HO-PFI Bogor)\"" data-author=\""\"" data-source=\""\"" data-credit=\""\"" data-watermark=\""0\"" \/>"",""source"":"""",""credit"":"""",""crop"":""""}]","[{""profile"":"""",""name"":""Antara"",""photo"":null,""id"":123,""email"":""antara@news.com""}]","{""profile"":"""",""name"":""Bayu Putra"",""photo"":null,""id"":89,""email"":""bayuputra.virtual@gmail.com""}","{""parent"":null,""name"":""Teras Bogor"",""description"":""Teras Bogor"",""alias"":""teras-bogor"",""id"":4722,""title"":""Teras Bogor"",""keyword"":""Teras Bogor""}",2024-08-21 11:46:41
bogor.jawapos.com,"Warga Bogor Siapkan Lamaranmu, Pemkab Bogor Buka Lowongan CPNS untuk 379 Formasi   ",Pemkab Bogor membuka lowongan calon pegawai negeri sipil (CPNS) sebanyak 379 formasi yang tersebar di sejumlah SKPD.,"<p> <!--img1--> </p> <p>&nbsp;</p> <p>JP Bogor &ndash; Pemkab Bogor membuka lowongan calon pegawai negeri sipil (CPNS) sebanyak 379 formasi. Lowongan itu tersebar di beberapa satuan kerja perangkat daerah atau SKPD.</p> <p>""Jumlah alokasi sebanyak 379 formasi dengan rincian tenaga kesehatan 100 formasi dan tenaga teknis 279 formasi,"" urai Penjabat Bupati Bogor Asmawa Tosepu di Cibinong, Rabu (21/8) sebagaimana dilansir dari <em>Antara</em>.</p> <p>Dia menjelaskan, formasi tersebut diperuntukkan bagi pelamar dengan tiga kategori. Pertama kebutuhan umum yang dialokasikan bagi setiap WNI yang memenuhi persyaratan.</p> <p><strong class=""read__others"">Baca Juga: <a href=""https://bogor.jawapos.com/teras-bogor/2555000447/pemkot-bogor-siapkan-studi-kelayakan-art-berpotensi-gantikan-rencana-pengembangan-trem-kota-bogor"">Pemkot Bogor Siapkan Studi Kelayakan ART, Berpotensi Gantikan Rencana Pengembangan Trem Kota Bogor</a></strong></p> <p>Berikutnya adalah kebutuhan khusus yang dialokasikan bagi pelamar lulusan terbaik berpredikat dengan pujian atau <em>cumlaude</em> dari perguruan tinggi dalam atau luar negeri.</p> <p>Terakhir adalah kebutuhan penyandang disabilitas. Kategori ini dialokasikan bagi pelamar berkebutuhan khusus yang mengalami keterbatasan fisik, intelektual, mental, atau sensorik. Dibuktikan dengan surat keterangan dari dokter atau rumah sakit.</p> <p>Pendaftaran seleksi CPNS sudah dibuka mulai 20 Agustus hingga 6 September. Disusul seleksi administrasi yang berlangsung sejak 20 Agustus hingga 13 September, dan akan diumumkan pada 14&ndash;17 September.</p> <p><strong class=""read__others"">Baca Juga: <a href=""https://bogor.jawapos.com/teras-bogor/2554995482/kota-bogor-dapat-dua-penghargaan-di-hut-jabar-pj-wali-kota-hery-pariwisata-di-kota-bogor-sehat"">Kota Bogor Dapat Dua Penghargaan di HUT Jabar, Pj Wali Kota Hery: Pariwisata di Kota Bogor Sehat &nbsp;</a></strong></p> <p>Para pelamar yang lolos seleksi administrasi akan mengikuti seleksi kompetensi dasar (SKD) dan seleksi kompetensi bidang (SKD). Kemudian, pengumuman hasil seleksi CPNS di lingkup Pemerintah Kabupaten Bogor akan dilakukan pada 5&ndash;12 Januari 2025.</p> <p>Asmawa menjelaskan, kelulusan akhir seleksi CPNS ditentukan berdasarkan hasil integrasi nilai SKD dengan bobot 40 persen dan SKB dengan Bobot 60 persen oleh panitia seleksi nasional (Panselnas).</p>","[{""name"":""cibinong"",""id"":23265,""slug"":""""},{""name"":""skpd"",""id"":120448,""slug"":""""},{""name"":""lowongan cpns"",""id"":146326,""slug"":""""},{""name"":""warga bogor"",""id"":247792,""slug"":""""},{""name"":""pemkab bogor"",""id"":555591,""slug"":""""},{""name"":""Pj Bupati Bogor Asmawa Tosepu"",""id"":6464044,""slug"":""pj-bupati-bogor-asmawa-tosepu""}]","[{""watermark"":""0"",""src"":""https:\/\/static.promediateknologi.id\/crop\/0x0:0x0\/x\/photo\/p2\/255\/2024\/08\/22\/IMG_20240821_214225-695684063.jpg"",""author"":"""",""caption"":""Kompleks perkantoran Pemkab Bogor di Cibinong, Kabupaten Bogor, Jawa Barat. (ANTARA\/M Fikri Setiawan)"",""block"":""<img src=\""https:\/\/static.promediateknologi.id\/crop\/0x0:0x0\/x\/photo\/p2\/255\/2024\/08\/22\/IMG_20240821_214225-695684063.jpg\"" width=\""100%\"" data-crop=\""\"" data-caption=\""Kompleks perkantoran Pemkab Bogor di Cibinong, Kabupaten Bogor, Jawa Barat. (ANTARA\/M Fikri Setiawan)\"" data-author=\""\"" data-source=\""\"" data-credit=\""\"" data-watermark=\""0\"" \/>"",""source"":"""",""credit"":"""",""crop"":""""}]","[{""profile"":"""",""name"":""Antara"",""photo"":null,""id"":123,""email"":""antara@news.com""}]","{""profile"":"""",""name"":""Bayu Putra"",""photo"":null,""id"":89,""email"":""bayuputra.virtual@gmail.com""}","{""parent"":null,""name"":""Teras Bogor"",""description"":""Teras Bogor"",""alias"":""teras-bogor"",""id"":4722,""title"":""Teras Bogor"",""keyword"":""Teras Bogor""}",2024-08-22 08:03:31
bogor.jawapos.com,"Kabupaten Bogor Diusulkan Mekar, DPRD Jabar Berharap Pemerintah Cabut Moratorium Pemekaran Daerah   ","Ada sejumlah usulan untuk memekarkan daerah di Jawa Barat, salah satunya Kabupaten Bogor karena wilayahnya luas dan penduduknya banyak.","<p> <!--img1--> </p> <p>&nbsp;</p> <p><strong>JP Bogor &ndash; </strong>Komisi I DPRD Provinsi Jawa Barat berharap pemerintah pusat segera mencabut moratorium pembentukan daerah otonom baru (DOB). Hal itu terkait dengan sejumlah usulan untuk memekarkan daerah di provinsi Jawa Barat.</p> <p>Salah satu yang diusulkan untuk dimekarkan adalah wilayah Kabupaten Bogor. Karena selain wilayah yang luas, penduduknya juga cukup banyak.</p> <p>""Di Kabupaten Bogor yang penduduknya mencapai lebih dari lima juta, kita membutuhkan pemekaran yang lebih banyak di tingkat kabupaten. Agar pelayanan dan pembangunan dapat berjalan lebih efektif,"" ujar Ketua Komisi I DPRD Provinsi Jawa Barat Budi Budiman di Bandung, Kamis (22/8) sebagaimana dilansir dari <em>Antara</em>.</p> <p><strong class=""read__others"">Baca Juga: <a href=""https://bogor.jawapos.com/teras-bogor/2555003837/warga-bogor-siapkan-lamaranmu-pemkab-bogor-buka-lowongan-cpns-untuk-379-formasi"">Warga Bogor Siapkan Lamaranmu, Pemkab Bogor Buka Lowongan CPNS untuk 379 Formasi &nbsp;</a></strong></p> <p>Budi memastikan pihaknya berkomitmen memperjuangkan pembentukan Daerah Otonomi Baru (DOB). Juga mendorong agar suara masyarakat Jabar terkait pemekaran daerah didengar oleh pemerintah pusat.</p> <p>Harapannya, moratorium pemekaran daerah bisa dicabut oleh Presiden Joko Widodo atau presiden berikutnya.</p> <p>""Kami sudah berupaya keras, sudah melaksanakan program persiapan dan pengkajiannya dengan betul-betul mengikuti sesuai aturan yang diusulkan oleh pemerintah pusat. Namun, semuanya menunggu pencabutan moratorium oleh presiden,"" lanjut Budi.</p> <p>Dia optimistis persiapan untuk pembentukan calon DOB di Jawa Barat berjalan sukses. Karena Penjabat (Pj) Gubernur Jabar Bey Triadi Machmudin bersama DPRD Jabar telah menyelesaikan tahap persetujuan dan menyerahkan usulan tersebut ke DPR dan Kementerian Dalam Negeri.</p> <p><strong class=""read__others"">Baca Juga: <a href=""https://bogor.jawapos.com/teras-bogor/2555000447/pemkot-bogor-siapkan-studi-kelayakan-art-berpotensi-gantikan-rencana-pengembangan-trem-kota-bogor"">Pemkot Bogor Siapkan Studi Kelayakan ART, Berpotensi Gantikan Rencana Pengembangan Trem Kota Bogor</a></strong></p> <p>Sedikitnya ada sembilan Calon DOB yang sudah diajukan Pemprov Jabar. Yakni Kabupaten Bogor Barat, Kabupaten Sukabumi Utara, Kabupaten Garut Selatan, dan Kabupaten Bogor Timur. Lalu Kabupaten Indramayu Barat, Kabupaten Cianjur Selatan, Kabupaten Tasikmalaya Selatan, Kabupaten Garut Utara, dan yang terbaru Kabupaten Subang Utara.</p>","[{""name"":""dprd jabar"",""id"":4215,""slug"":""""},{""name"":""daerah otonomi baru"",""id"":7053,""slug"":""""},{""name"":""kabupaten bogor"",""id"":47817,""slug"":""""},{""name"":""pemekaran daerah"",""id"":95848,""slug"":""""},{""name"":""moratorium"",""id"":680607,""slug"":""""},{""name"":""Kabupaten Bogor Barat"",""id"":6299310,""slug"":""""}]","[{""watermark"":""0"",""src"":""https:\/\/static.promediateknologi.id\/crop\/0x0:0x0\/x\/photo\/p2\/255\/2024\/08\/22\/IMG-20240822-WA0001-948465500.jpg"",""author"":"""",""caption"":""Ketua Komisi I DPRD Provinsi Jawa Barat Bedi Budiman (tengah) menghadiri perayaan HUT ke-79 Provinsi Jawa Barat, Senin (19\/8\/2024). (ANTARA\/HO DPRD Jabar)"",""block"":""<img src=\""https:\/\/static.promediateknologi.id\/crop\/0x0:0x0\/x\/photo\/p2\/255\/2024\/08\/22\/IMG-20240822-WA0001-948465500.jpg\"" width=\""100%\"" data-crop=\""\"" data-caption=\""Ketua Komisi I DPRD Provinsi Jawa Barat Bedi Budiman (tengah) menghadiri perayaan HUT ke-79 Provinsi Jawa Barat, Senin (19\/8\/2024). (ANTARA\/HO DPRD Jabar)\"" data-author=\""\"" data-source=\""\"" data-credit=\""\"" data-watermark=\""0\"" \/>"",""source"":"""",""credit"":"""",""crop"":""""}]","[{""profile"":"""",""name"":""Antara"",""photo"":null,""id"":123,""email"":""antara@news.com""}]","{""profile"":"""",""name"":""Bayu Putra"",""photo"":null,""id"":89,""email"":""bayuputra.virtual@gmail.com""}","{""parent"":null,""name"":""Teras Bogor"",""description"":""Teras Bogor"",""alias"":""teras-bogor"",""id"":4722,""title"":""Teras Bogor"",""keyword"":""Teras Bogor""}",2024-08-22 13:49:47
bogor.jawapos.com,"Penertiban Bangunan Liar di Kawasan Puncak Bogor Berlanjut Pekan Depan, Satpol PP Beri Tiga Kali Peringatan   ","Penertiban bangunan liar di kawasan wisata Puncak, Kabupaten Bogor, akan kembali digelar Senin (26/8) pekan depan.","<p> <!--img1--> </p> <p>&nbsp;</p> <p><strong>JP Bogor</strong> &ndash; Penertiban bangunan liar di kawasan wisata Puncak, Kabupaten Bogor, akan kembali digelar pekan depan. Pemkab Bogor akan melakukan penertiban tahap kedua pada Senin (26/8) mendatang.</p> <p>Sekretaris Satpol PP Kabupaten Bogor Anwar Anggana menjelaskan, penertiban kali ini menargetkan 196 bangunan liar mulai kawasan Gantole hingga Puncak Pass.</p> <p>Pemkab Bogor, ujar Anwar, telah memberikan surat peringatan sebanyak tiga kali kepada para pemilik bangunan liar. Pihaknya juga sudah menyegel bangunan-bangunan liar itu pada Rabu (21/8) lalu. Para pemilik juga diberi kesempatan untuk membongkar bangunannya secara mandiri.</p> <p><strong class=""read__others"">Baca Juga: <a href=""https://bogor.jawapos.com/teras-bogor/2555005360/kabupaten-bogor-diusulkan-mekar-dprd-jabar-berharap-pemerintah-cabut-moratorium-pemekaran-daerah"">Kabupaten Bogor Diusulkan Mekar, DPRD Jabar Berharap Pemerintah Cabut Moratorium Pemekaran Daerah &nbsp;</a></strong></p> <p>""Ada beberapa pemilik bangunan yang sudah melakukan pembongkaran secara mandiri. Diucapkan terima kasih atas bantuan dan kerja samanya dengan kesadaran yang tinggi,"" ungkap Anwar, Kamis (22/8) sebagaimana dilansir dari <em>Antara</em>.</p> <p>Beberapa waktu belakangan, Pemkab Bogor memang gencar menata kawasan wisata Puncak. Diawali dengan pemindahan PKL ke Rest Area Gunung Mas pada Senin (24/7).</p> <p>Pada penertiban lapak pedagang ini, Pemkab Bogor meratakan 329 bangunan di sepanjang Jalur Puncak. Terdiri dari 185 bangunan dari Gantole hingga&nbsp;<em>Rest</em>&nbsp;Area Gunung Mas, dan 144 bangunan dari Simpang Taman Safari Indonesia hingga&nbsp;<em>Rest</em>&nbsp;Area Gunung Mas.</p> <p><strong class=""read__others"">Baca Juga: <a href=""https://bogor.jawapos.com/teras-bogor/2554995442/petakan-8000-tps-untuk-pilkada-di-kabupaten-bogor-kapolres-bogor-120-an-tps-sangat-rawan"">Petakan 8.000 TPS untuk Pilkada di Kabupaten Bogor, Kapolres Bogor: 120-an TPS Sangat Rawan</a></strong></p> <p>Pemkab Bogor juga menjamin perekonomian PKL di kawasan wisata akan menjadi lebih baik setelah pindah ke&nbsp;<em>Rest</em>&nbsp;Area Gunung Mas. <em>Rest area </em>itu dibangun di lahan seluas 7 hektare milik PT Perkebunan Nusantara sejak medio 2020&ndash;2021.</p> <p><em>Rest</em>&nbsp;Area Gunung Mas memiliki kapasitas 516 kios. Terdiri dari 100 kios untuk pedagang basah seperti sayur dan buah serta 416 kios untuk pedagang kering seperti oleh-oleh dan camilan. Masing-masing kios memiliki luas 11 meter persegi, baik basah maupun kering.</p>","[{""name"":""satpol pp"",""id"":1672,""slug"":""""},{""name"":""puncak bogor"",""id"":7143,""slug"":""""},{""name"":""gantole"",""id"":33351,""slug"":""""},{""name"":""penertiban bangunan liar"",""id"":96674,""slug"":""""},{""name"":""puncak pass"",""id"":333383,""slug"":""""},{""name"":""Rest Area Gunung Mas Puncak"",""id"":4311946,""slug"":""""},{""name"":""taman safari indonesia bogor"",""id"":6125382,""slug"":""taman-safari-indonesia-bogor""}]","[{""watermark"":""0"",""src"":""https:\/\/static.promediateknologi.id\/crop\/0x0:0x0\/x\/photo\/p2\/255\/2024\/08\/23\/1001879972-1856484349.jpg"",""author"":"""",""caption"":""Sekretaris Satpol PP Kabupaten Bogor Anwar Anggana. (ANTARA\/M Fikri Setiawan)"",""block"":""<img src=\""https:\/\/static.promediateknologi.id\/crop\/0x0:0x0\/x\/photo\/p2\/255\/2024\/08\/23\/1001879972-1856484349.jpg\"" width=\""100%\"" data-crop=\""\"" data-caption=\""Sekretaris Satpol PP Kabupaten Bogor Anwar Anggana. (ANTARA\/M Fikri Setiawan)\"" data-author=\""\"" data-source=\""\"" data-credit=\""\"" data-watermark=\""0\"" \/>"",""source"":"""",""credit"":"""",""crop"":""""}]","[{""profile"":"""",""name"":""Antara"",""photo"":null,""id"":123,""email"":""antara@news.com""}]","{""profile"":"""",""name"":""Bayu Putra"",""photo"":null,""id"":89,""email"":""bayuputra.virtual@gmail.com""}","{""parent"":null,""name"":""Teras Bogor"",""description"":""Teras Bogor"",""alias"":""teras-bogor"",""id"":4722,""title"":""Teras Bogor"",""keyword"":""Teras Bogor""}",2024-08-23 06:59:37
bogor.jawapos.com,"Bangunan Liar di Puncak Bogor akan Ditertibkan, Dishub Bogor Imbau Hindari Jalur Wisata Puncak di Tanggal Ini  ","Terkait rencana penertiban bangunan liar di kawasan Puncak, pemkab Bogor mengimbau pengendara untuk menghindari jalur wisata Puncak.","<p> <!--img1--> </p> <p>&nbsp;</p> <p><strong>JP Bogor</strong> &ndash; Rencana penertiban bangunan liar tahap kedua di kawasan Puncak Bogor pada Senin (26/8) mendatang hampir dipastikan tidak akan ditunda. Pemkab Bogor sudah menyiapkan perangkat untuk penertiban.</p> <p>Terkait penertiban itu, pemkab Bogor mengeluarkan pengumuman imbauan bagi pengendara untuk menghindari jalur wisata Puncak Senin depan, saat penertiban berlangsung.</p> <p>Kabid Lalu Lintas Dinas Perhubungan Kabupaten Bogor Dadang Kosasih menyarankan para pengendara untuk menggunakan jalur alternatif selama proses penertiban berlangsung.</p> <p>""Kepada pengendara yang akan mengarah ke Cianjur atau Bandung agar menggunakan jalur alternatif Jonggol ataupun Sukabumi,"" ujarnya di Cibinong, Kamis (22/8) sebagaimana dilansir dari <em>Antara</em>.</p> <p><strong class=""read__others"">Baca Juga: <a href=""https://bogor.jawapos.com/teras-bogor/2555007863/penertiban-bangunan-liar-di-kawasan-puncak-bogor-berlanjut-pekan-depan-satpol-pp-beri-tiga-kali-peringatan"">Penertiban Bangunan Liar di Kawasan Puncak Bogor Berlanjut Pekan Depan, Satpol PP Beri Tiga Kali Peringatan &nbsp;</a></strong></p> <p>Dishub, lanjut Dadang, juga telah berkoordinasi dengan Satlantas Polres Bogor untuk menyiapkan rekayasa lalu lintas berupa sistem satu arah atau <em>one way</em> secara situasional. Agar tidak terjadi kepadatan arus kendaraan saat penertiban.</p> <p>""Misalkan (bangunan liar) yang kiri dibongkar, yang (jalur) kanan dibuka, begitu juga sebaliknya. Jadi tidak berarti (jalan) ditutup total, penutupannya seperti itu,"" jelasnya.</p> <p>Dadang menyebut pihaknya mengerahkan 40 personel untuk mengatur arus lalu lintas selama proses penertiban berlangsung. Agar tidak terjebak macet, pengendara tetap disarankan mencari jalur alternatif.&nbsp;</p> <p>Sebelumnya, Sekretaris Satpol PP Kabupaten Bogor Anwar Anggana mengatakan bahwa penertiban kali ini menargetkan 196 bangunan liar mulai dari Gantole hingga Puncak Pass.</p> <p><strong class=""read__others"">Baca Juga: <a href=""https://bogor.jawapos.com/teras-bogor/2555005360/kabupaten-bogor-diusulkan-mekar-dprd-jabar-berharap-pemerintah-cabut-moratorium-pemekaran-daerah"">Kabupaten Bogor Diusulkan Mekar, DPRD Jabar Berharap Pemerintah Cabut Moratorium Pemekaran Daerah &nbsp;</a></strong></p> <p>Pemkab Bogor, ujar Anwar, telah memberikan tiga kali surat peringatan kepada para pemilik bangunan liar tersebut, dan menyegel bangunan pada Rabu (21/8) lalu. Para pemilik juga diberikan kesempatan untuk membongkar bangunannya secara mandiri.</p> <p>""Ada beberapa pemilik bangunan yang sudah melakukan pembongkaran secara mandiri. Disampaikan terima kasih atas bantuan dan kerja samanya dengan kesadaran yang tinggi,"" ucap Anwar.<br /> </p>","[{""name"":""puncak bogor"",""id"":7143,""slug"":""""},{""name"":""jalur alternatif"",""id"":8278,""slug"":""""},{""name"":""bangunan liar"",""id"":68356,""slug"":""""},{""name"":""kemacetan"",""id"":99298,""slug"":""""},{""name"":""pemkab bogor"",""id"":555591,""slug"":""""},{""name"":""Dishub Kabupaten Bogor"",""id"":4335918,""slug"":""""},{""name"":""jalur wisata Puncak"",""id"":6281578,""slug"":""jalur-wisata-puncak""}]","[{""watermark"":""0"",""src"":""https:\/\/static.promediateknologi.id\/crop\/0x0:0x0\/x\/photo\/p2\/255\/2024\/08\/23\/Screenshot_20240823_060241_Instagram-4107008408.jpg"",""author"":"""",""caption"":""Pemkab Bogor mengeluarkan imbauan di media sosial terkait penertiban bangunan liar di kawasan Puncak Bogor Senin (26\/8) mendatang. (Instagram @kabupaten.bogor)"",""block"":""<img src=\""https:\/\/static.promediateknologi.id\/crop\/0x0:0x0\/x\/photo\/p2\/255\/2024\/08\/23\/Screenshot_20240823_060241_Instagram-4107008408.jpg\"" width=\""100%\"" data-crop=\""\"" data-caption=\""Pemkab Bogor mengeluarkan imbauan di media sosial terkait penertiban bangunan liar di kawasan Puncak Bogor Senin (26\/8) mendatang. (Instagram @kabupaten.bogor)\"" data-author=\""\"" data-source=\""\"" data-credit=\""\"" data-watermark=\""0\"" \/>"",""source"":"""",""credit"":"""",""crop"":""""}]","[{""profile"":"""",""name"":""Antara"",""photo"":null,""id"":123,""email"":""antara@news.com""}]","{""profile"":"""",""name"":""Bayu Putra"",""photo"":null,""id"":89,""email"":""bayuputra.virtual@gmail.com""}","{""parent"":null,""name"":""Teras Bogor"",""description"":""Teras Bogor"",""alias"":""teras-bogor"",""id"":4722,""title"":""Teras Bogor"",""keyword"":""Teras Bogor""}",2024-08-23 07:34:27
bogor.jawapos.com,"Genjot Program Desa Kreatif di Kabupaten Bogor, Pj Bupati Bogor Andalkan Potensi Lokal Desa",Program desa kreatif tengah digenjot oleh Pemkab Bogor untuk menumbuhkan potensi-potensi lokal yang ada di Kabupaten Bogor.,"<p> <!--img1--> </p> <p><strong>JP Bogor</strong> &ndash; Program desa kreatif tengah digenjot oleh Pemkab Bogor untuk menumbuhkan potensi-potensi lokal yang ada di Kabupaten Bogor.</p> <p>""Desa kreatif ini dimaksudkan sebagai sebuah inovasi atas ide dan gagasan yang mengintegrasikan dan menggabungkan kreativitas dan potensi lokal yang ada di desa,"" ujar Penjabat Bupati Bogor Asmawa Tosepu saat peluncuran Desa Kreatif di Desa Pasir Mukti, Kecamatan Citeureup, Kamis (22/8) sebagaimana dilansir dari <em>Antara</em>.</p> <p>Program ini, lanjut Asmawa, akan fokus pada kreativitas masyarakat desa. Mulai dari sisi inisiatif, produktif, inovatif, dan sisi berkelanjutan. Sehingga semua potensi yang ada di desa bisa berkembang.</p> <p>Asmawa optimistis Desa Kreatif dapat mengembangkan pelaku-pelaku UMKM. Kreativitas masyarakat yang dipadukan dengan kearifan lokal misa menghasilkan produk yang potensial.</p> <p><strong class=""read__others"">Baca Juga: <a href=""https://bogor.jawapos.com/teras-bogor/2555007863/penertiban-bangunan-liar-di-kawasan-puncak-bogor-berlanjut-pekan-depan-satpol-pp-beri-tiga-kali-peringatan"">Penertiban Bangunan Liar di Kawasan Puncak Bogor Berlanjut Pekan Depan, Satpol PP Beri Tiga Kali Peringatan &nbsp;</a></strong></p> <p>""Misalnya Desa Pasir Mukti terkenal dengan produk kaleng ditampilkan dengan kreatifitas, Desa Ciomas dengan produk sepatunya, kemudian Desa Tajurhalang, Bojonggede dan lainnya,"" paparnya.</p> <p>Saat ini, tercatat sudah ada 14 desa dan satu kelurahan yang menjalankan Program Desa Kreatif. Yakni Desa Kiarasari Kecamatan Sukajaya dengan Kategori Desa Produktif, lalu Desa Malasari Kecamatan Nanggung (Desa Inisiatif).</p> <p>Berikutnya Desa Pasir Mukti, Citeureup (Desa Berkelanjutan), Desa Megamendung, Megamendung (Desa Inovatif), dan Desa Tajurhalang, Cijeruk (Desa Produktif).</p> <p>Kemudian, Desa Benteng, Ciampea (Desa Inovatif), Desa Pagelaran, Ciomas (Desa Inovatif), Desa Cibunar, Parungpanjang (Desa Inovatif), dan Desa Jagabita, Parungpanjang (Desa Inovatif). Juga Desa Gintung Cilejet, Parungpanjang (Desa Produktif).</p> <p><strong class=""read__others"">Baca Juga: <a href=""https://bogor.jawapos.com/teras-bogor/2555007922/bangunan-liar-di-puncak-bogor-akan-ditertibkan-dishub-bogor-imbau-hindari-jalur-wisata-puncak-di-tanggal-ini"">Bangunan Liar di Puncak Bogor akan Ditertibkan, Dishub Bogor Imbau Hindari Jalur Wisata Puncak di Tanggal Ini &nbsp;</a></strong></p> <p>Empat desa lainnya adalah Desa Lumpang, Parungpanjang (Desa Produktif), Desa Tenjo, Tenjo (Desa Produktif), Desa Bojonggede, Bojonggede (Desa Inisiatif), dan Desa Tanjungrasa, Tanjungsari (Desa Inovatif). Serta Kelurahan Cisarua Kecamatan Cisarua dengan Kategori Desa Produktif.</p>","[{""name"":""umkm"",""id"":15912,""slug"":""""},{""name"":""kabupaten bogor"",""id"":47817,""slug"":""""},{""name"":""potensi lokal"",""id"":1025873,""slug"":""""},{""name"":""Pj Bupati Bogor Asmawa Tosepu"",""id"":6464044,""slug"":""pj-bupati-bogor-asmawa-tosepu""},{""name"":""program desa kreatif"",""id"":6465567,""slug"":""program-desa-kreatif""}]","[{""watermark"":""0"",""src"":""https:\/\/static.promediateknologi.id\/crop\/0x0:0x0\/x\/photo\/p2\/255\/2024\/08\/23\/1001880247-180173888.jpg"",""author"":"""",""caption"":""Penjabat Bupati Bogor Asmawa Tosepu (tengah) di sela peluncuran Program Desa Kreatif di Desa Pasir Mukti, Kecamatan Citeureup, Kabupaten Bogor, Kamis (22\/8\/2024). (ANTARA\/HO-Humas Pemkab Bogor)"",""block"":""<img src=\""https:\/\/static.promediateknologi.id\/crop\/0x0:0x0\/x\/photo\/p2\/255\/2024\/08\/23\/1001880247-180173888.jpg\"" width=\""100%\"" data-crop=\""\"" data-caption=\""Penjabat Bupati Bogor Asmawa Tosepu (tengah) di sela peluncuran Program Desa Kreatif di Desa Pasir Mukti, Kecamatan Citeureup, Kabupaten Bogor, Kamis (22\/8\/2024). (ANTARA\/HO-Humas Pemkab Bogor)\"" data-author=\""\"" data-source=\""\"" data-credit=\""\"" data-watermark=\""0\"" \/>"",""source"":"""",""credit"":"""",""crop"":""""}]","[{""profile"":"""",""name"":""Antara"",""photo"":null,""id"":123,""email"":""antara@news.com""}]","{""profile"":"""",""name"":""Bayu Putra"",""photo"":null,""id"":89,""email"":""bayuputra.virtual@gmail.com""}","{""parent"":null,""name"":""Teras Bogor"",""description"":""Teras Bogor"",""alias"":""teras-bogor"",""id"":4722,""title"":""Teras Bogor"",""keyword"":""Teras Bogor""}",2024-08-23 08:33:53
bogor.jawapos.com,"Kota Bogor Dapat Penghargaan Pariwisata Ramah Muslim, Kadisparbud: Tidak Pernah Ada Isu SARA   ",Kota Bogor mendapat Penghargaan Pariwisata Ramah Muslim Terbaik se-Jawa Barat di ajang Smiling West Java Muslim Friendly Tourism Award 2024.,"<p> <!--img1--> </p> <p>&nbsp;</p> <p><strong>JP Bogor</strong> &ndash; Pemkot Bogor tengah memperkuat penerapan pariwisata ramah muslim. Setelah baru-baru ini Kota Bogor mendapatkan Penghargaan Pariwisata Ramah Muslim Terbaik Pertama se-Jawa Barat, dalam Program Smiling West Java Muslim Friendly Tourism Award 2024.<br /> Kepala Dinas Pariwisata dan Kebudayaan (Disparbud) Kota Bogor Iceu Pujiati mengatakan, ada banyak indikator pariwisata ramah Muslim.</p> <p>&ldquo;Karena kita salah satunya adalah Bogor banyak cerita. Ada berbagai budaya, agama, tapi alhamdulillah tidak pernah ada isu-isu SARA. Kedua, adalah Bogor dalam kebijakannya sudah melakukan banyak hal,&rdquo; kata Iceu, Kamis (22/8) sebagaimana dilansir dari <em>Antara</em>.</p> <p><strong class=""read__others"">Baca Juga: <a href=""https://bogor.jawapos.com/teras-bogor/2554995482/kota-bogor-dapat-dua-penghargaan-di-hut-jabar-pj-wali-kota-hery-pariwisata-di-kota-bogor-sehat"">Kota Bogor Dapat Dua Penghargaan di HUT Jabar, Pj Wali Kota Hery: Pariwisata di Kota Bogor Sehat &nbsp;</a></strong></p> <p>Dia menyebut kebijakan yang diterapkan antara lain program sertifikasi halal. Program itu diterapkan pada restoran-restoran dan rumah potong hewan.</p> <p>Selain itu, kata Iceu, hotel-hotel yang ada di Kota Bogor telah menerapkan kebijakan ramah muslim. Seperti menyediakan musala, juga membuat peraturan bahwa tamu hotel harus sudah menikah dengan menunjukkan identitas diri.</p> <p>&ldquo;Alhamdulillah berkat kolaborasi Disparbud bersama pemangku kepentingan kita mendapatkan peringkat pertama untuk <em>Muslim Friendly Tourism</em>. Insya Allah ke depan kita akan meningkatkan lagi,&rdquo; lanjut Iceu.</p> <p>Dia menyebut, meningkatnya pendapatan kelas menengah muslim memunculkan tren baru di industri pariwisata, yaitu jasa wisata ramah muslim.</p> <p>&ldquo;Tren ini memicu gelombang baru dan membuka segmen pasar khusus yang memerlukan jenis pelayanan dengan persyaratan tertentu&rdquo; imbuh Iceu.</p> <p>Sementara itu, Sekretaris Disparbud Kota Bogor Ana Ismawati menjelaskan, Penghargaan Kota Pariwisata Ramah Muslim tidak hanya terfokus pada satu lokus tertentu saja. Namun mencakup kebijakan dan ekosistem pendukung pariwisata ramah muslim yang sudah terbentuk.</p> <p><strong class=""read__others"">Baca Juga: <a href=""https://bogor.jawapos.com/teras-bogor/2555007922/bangunan-liar-di-puncak-bogor-akan-ditertibkan-dishub-bogor-imbau-hindari-jalur-wisata-puncak-di-tanggal-ini"">Bangunan Liar di Puncak Bogor akan Ditertibkan, Dishub Bogor Imbau Hindari Jalur Wisata Puncak di Tanggal Ini &nbsp;</a></strong></p> <p>&ldquo;Kemudian unsur sumber daya yang dimiliki, pola pengelolaan, serta peraturan pada tingkat Kota, yang secara spesifik maupun umum ikut serta mengakomodir penerapan standar layanan pariwisata ramah muslim di Kota Bogor,&rdquo; jelasnya.</p> <p>Dia menyebutkan sejumlah destinasi wisata di Kota Bogor yang sudah menerapkan standar layanan pariwisata ramah muslim. Seperti Masjid At-Thohiriyah Empang, Kebun Raya Bogor, The Jungle Waterpark, Marcopolo Water Adventure, hingga Kampung Wisata AEWO Mulyaharja.</p>","[{""name"":""penghargaan"",""id"":6640,""slug"":""""},{""name"":""kota bogor"",""id"":16102,""slug"":""""},{""name"":""sertifikasi halal"",""id"":19321,""slug"":""""},{""name"":""isu sara"",""id"":26088,""slug"":""""},{""name"":""kebun raya bogor"",""id"":176175,""slug"":""""},{""name"":""Disparbud Kota Bogor"",""id"":5453334,""slug"":""disparbud-kota-bogor""},{""name"":""Pariwisata ramah muslim"",""id"":6024616,""slug"":""pariwisata-ramah-muslim""},{""name"":""Masjid At Thohiriyah Empang"",""id"":6465650,""slug"":""masjid-at-thohiriyah-empang""}]","[{""watermark"":""0"",""src"":""https:\/\/static.promediateknologi.id\/crop\/0x0:0x0\/x\/photo\/p2\/255\/2024\/08\/23\/WhatsApp-Image-2024-08-23-at-090549-1214888686.jpeg"",""author"":"""",""caption"":""Kebun Raya Bogor menjadi salah satu destinasi wisata Kota Bogor yang sudah menerapkan standar layanan pariwisata ramah muslim. (Bayu Putra\/JawaPos.com)"",""block"":""<img src=\""https:\/\/static.promediateknologi.id\/crop\/0x0:0x0\/x\/photo\/p2\/255\/2024\/08\/23\/WhatsApp-Image-2024-08-23-at-090549-1214888686.jpeg\"" width=\""100%\"" data-crop=\""\"" data-caption=\""Kebun Raya Bogor menjadi salah satu destinasi wisata Kota Bogor yang sudah menerapkan standar layanan pariwisata ramah muslim. (Bayu Putra\/JawaPos.com)\"" data-author=\""\"" data-source=\""\"" data-credit=\""\"" data-watermark=\""0\"" \/>"",""source"":"""",""credit"":"""",""crop"":""""}]","[{""profile"":"""",""name"":""Antara"",""photo"":null,""id"":123,""email"":""antara@news.com""}]","{""profile"":"""",""name"":""Bayu Putra"",""photo"":null,""id"":89,""email"":""bayuputra.virtual@gmail.com""}","{""parent"":null,""name"":""Teras Bogor"",""description"":""Teras Bogor"",""alias"":""teras-bogor"",""id"":4722,""title"":""Teras Bogor"",""keyword"":""Teras Bogor""}",2024-08-23 09:17:53
bogor.jawapos.com,"Jaro Ade Dapat Rekom PDIP di Pilkada Kabupaten Bogor 2024, DPD Partai Golkar Kabupaten Bogor Anggap Wajar   ",Ketua DPD Partai Golkar Kabupaten Bogor Wawan Hikal Kurdi menganggap rekomendasi PDIP untuk Jaro Ade di Pilkada Kabupaten Bogor 2024 wajar.,"<p> <!--img1--> </p> <p>&nbsp;</p> <p><strong>JP Bogor</strong> &ndash; Ketua DPD Partai Golkar Kabupaten Bogor Wawan Hikal Kurdi angkat bicara soal rekomendasi PDI Perjuangan kepada kader Golkar, Jaro Ade pada Pilkada Kabupaten Bogor 2024. Menurut dia, rekomendasi itu wajar dalam dunia politik.</p> <p>Menurut Pria yang akrab disapa Wanhay itu, Jaro Ade tidak hanya mendaftarkan diri melalui Partai Golkar, melainkan juga di partai lain. Seperti Partai Persatuan Pembangunan (PPP), Partai Kebangkitan Bangsa (PKB), dan PDIP.</p> <p><strong class=""read__others"">Baca Juga: <a href=""https://bogor.jawapos.com/teras-bogor/2554995442/petakan-8000-tps-untuk-pilkada-di-kabupaten-bogor-kapolres-bogor-120-an-tps-sangat-rawan"">Petakan 8.000 TPS untuk Pilkada di Kabupaten Bogor, Kapolres Bogor: 120-an TPS Sangat Rawan</a></strong></p> <p>""Wajar jika partai politik lain di luar Partai Golkar mengeluarkan surat rekomendasi kepada Jaro Ade. Mengingat popularitas dan elektabilitas Jaro Ade sudah melampaui ambang batas jika berdasarkan hasil survei,"" ungkap Wanhay dalam keterangan tertulis di Jakarta, Kamis (22/8) sebagaimana dilansir dari <em>Antara</em>.</p> <p>Wawan menilai rekomendasi itu merupakan buah dari silaturahmi politik Partai Golkar yang dibangun selama ini dengan partai lain, salah satunya dengan PDIP.</p> <p>Dia mengakui, keluarnya rekomendasi terkait pasangan calon Bupati dan Wakil Bupati Bogor oleh DPP PDIP mengakibatkan perubahan iklim politik di Kabupaten Bogor.</p> <p><strong class=""read__others"">Baca Juga: <a href=""https://bogor.jawapos.com/teras-bogor/2554999839/sk-kpu-ri-belum-turun-50-anggota-dprd-kota-bogor-20242029-terpilih-urung-dilantik"">SK KPU RI Belum Turun, 50 Anggota DPRD Kota Bogor 2024&ndash;2029 Terpilih Urung Dilantik &nbsp;</a></strong></p> <p>""Namun demikian, sebagai Ketua DPD Partai Golkar Kabupaten Bogor, tentunya kami harus menunggu keputusan dari pimpinan tertinggi, yakni dari DPP Golkar,"" imbuh Wawan.</p>","[{""name"":""partai golkar"",""id"":7731,""slug"":""""},{""name"":""elektabilitas"",""id"":15036,""slug"":""""},{""name"":""pdi perjuangan"",""id"":25599,""slug"":""""},{""name"":""jaro ade"",""id"":596449,""slug"":""""},{""name"":""pilkada kabupaten bogor 2024"",""id"":1374106,""slug"":""""},{""name"":""Wawan Hikal Kurdi"",""id"":6180369,""slug"":""wawan-hikal-kurdi""}]","[{""watermark"":""0"",""src"":""https:\/\/static.promediateknologi.id\/crop\/0x0:0x0\/x\/photo\/p2\/255\/2024\/08\/23\/foto-penyerta-berita_20240822_223126_0000-3719629228.jpg"",""author"":"""",""caption"":""Ketua DPD Partai Golkar Kabupaten Bogor Wawan Hikal Kurdi (tengah). (ANTARA\/HO-Dokumentasi Pribadi)"",""block"":""<img src=\""https:\/\/static.promediateknologi.id\/crop\/0x0:0x0\/x\/photo\/p2\/255\/2024\/08\/23\/foto-penyerta-berita_20240822_223126_0000-3719629228.jpg\"" width=\""100%\"" data-crop=\""undefined\"" data-caption=\""Ketua DPD Partai Golkar Kabupaten Bogor Wawan Hikal Kurdi (tengah). (ANTARA\/HO-Dokumentasi Pribadi)\"" data-author=\""\"" data-source=\""\"" data-credit=\""\"" data-watermark=\""0\"" \/>"",""source"":"""",""credit"":"""",""crop"":""undefined""}]","[{""profile"":"""",""name"":""Antara"",""photo"":null,""id"":123,""email"":""antara@news.com""}]","{""profile"":"""",""name"":""Bayu Putra"",""photo"":null,""id"":89,""email"":""bayuputra.virtual@gmail.com""}","{""parent"":null,""name"":""Teras Bogor"",""description"":""Teras Bogor"",""alias"":""teras-bogor"",""id"":4722,""title"":""Teras Bogor"",""keyword"":""Teras Bogor""}",2024-08-23 10:37:58
bogor.jawapos.com,"Luncurkan Layanan Laksa untuk Wisata di Kota Bogor, Kadisparbud Kota Bogor: Mudah-Mudahan 10 Juta Kunjungan Dapat   ",Dinas Pariwisata dan Kebudayaan (Disparbud) Kota Bogor meluncurkan Layanan Informasi Kepariwisataan (Laksa).,"<p> <!--img1--> </p> <p>&nbsp;</p> <p><strong>JP Bogor</strong> &ndash; Dinas Pariwisata dan Kebudayaan (Disparbud) Kota Bogor meluncurkan Layanan Informasi Kepariwisataan (Laksa). Layanan itu menyajikan berbagai informasi terkait pariwisata di kota Bogor untuk wisatawan baik lokal maupun mancanegara.</p> <p>Kadisparbud Kota Bogor Iceu Pujiati mengatakan, lewat layanan ini, wisatawan akan lebih mudah membuat rencana perjalanan atau <em>itinerary</em> saat berkunjung ke Kota Bogor.</p> <p>&ldquo;Mereka juga mendapat informasi sebanyak-banyaknya dari industri pariwisata. Seperti museum, balai-balai penelitian, sanggar budaya, dan seluruh stakeholder mitra kerja di Disparbud. Sehingga wisatawan tertarik berwisata ke Kota Bogor dan merencanakan perjalanannya,&rdquo; jelasnya, Kamis (22/8) sebagaimana dilansir dari <em>Antara</em>.</p> <p><strong class=""read__others"">Baca Juga: <a href=""https://bogor.jawapos.com/teras-bogor/2555008288/kota-bogor-dapat-penghargaan-pariwisata-ramah-muslim-kadisparbud-tidak-pernah-ada-isu-sara"">Kota Bogor Dapat Penghargaan Pariwisata Ramah Muslim, Kadisparbud: Tidak Pernah Ada Isu SARA &nbsp;</a></strong></p> <p>Iceu menyebutkan, banyak fitur yang ada di dalam layanan Laksa. Seperti fitur lokasi destinasi wisata di Kota Bogor secara lengkap. Mulai dari museum, balai penelitian, venue pernikahan, pusat perbelanjaan dan oleh-oleh, hotel, restoran, dan kafe.</p> <p>Menurut Iceu, data masing-masing destinasi wisata itu diisi oleh pemilik atau pengelola destinasi langsung. Sehingga bisa terus diperbarui. Kemudian ada fitur perencanaan perjalanan wisata ke Kota Bogor.</p> <p>&ldquo;Jadi banyak fitur yang insya Allah ke depan akan terus dikembangkan. Sehingga Laksa ini menjadi sebuah <em>big</em> data kepariwisataan atau <em>one stop service</em> dari layanan informasi kepariwisataan,&rdquo; ujarnya.</p> <p><strong class=""read__others"">Baca Juga: <a href=""https://bogor.jawapos.com/teras-bogor/2555000738/gelar-pameran-foto-di-mal-btm-bogor-fmp-dan-pfi-bogor-hadirkan-foto-foto-ikonik-dari-masa-ke-masa"">Gelar Pameran Foto di Mal BTM Bogor, FMP dan PFI Bogor Hadirkan Foto-foto Ikonik dari Masa ke Masa &nbsp;</a></strong></p> <p>Dengan diluncurkannya Laksa, Iceu berharap target kunjungan wisata ke Kota Bogor bisa naik 30 persen dari tahun lalu di angka 5,6 juta. &ldquo;Mudah-mudahan 10 juta kunjungan dapat,&rdquo; ucapnya.</p>","[{""name"":""kunjungan"",""id"":2854,""slug"":""""},{""name"":""kota bogor"",""id"":16102,""slug"":""""},{""name"":""wisata"",""id"":24886,""slug"":""""},{""name"":""Disparbud Kota Bogor"",""id"":5453334,""slug"":""disparbud-kota-bogor""},{""name"":""Layanan Informasi Kepariwisataan Laksa"",""id"":6465793,""slug"":""layanan-informasi-kepariwisataan-laksa""}]","[{""watermark"":""0"",""src"":""https:\/\/static.promediateknologi.id\/crop\/0x0:0x0\/x\/photo\/p2\/255\/2024\/08\/23\/IMG_4505-2812212339.jpeg"",""author"":"""",""caption"":""Kadisparbud Kota Bogor Iceu Pujiati menunjukkan Layanan Informasi Kepariwisataan (Laksa) yang baru diluncurkan. (ANTARA\/Shabrina Zakaria)"",""block"":""<img src=\""https:\/\/static.promediateknologi.id\/crop\/0x0:0x0\/x\/photo\/p2\/255\/2024\/08\/23\/IMG_4505-2812212339.jpeg\"" width=\""100%\"" data-crop=\""\"" data-caption=\""Kadisparbud Kota Bogor Iceu Pujiati menunjukkan Layanan Informasi Kepariwisataan (Laksa) yang baru diluncurkan. (ANTARA\/Shabrina Zakaria)\"" data-author=\""\"" data-source=\""\"" data-credit=\""\"" data-watermark=\""0\"" \/>"",""source"":"""",""credit"":"""",""crop"":""""}]","[{""profile"":"""",""name"":""Antara"",""photo"":null,""id"":123,""email"":""antara@news.com""}]","{""profile"":"""",""name"":""Bayu Putra"",""photo"":null,""id"":89,""email"":""bayuputra.virtual@gmail.com""}","{""parent"":null,""name"":""Teras Bogor"",""description"":""Teras Bogor"",""alias"":""teras-bogor"",""id"":4722,""title"":""Teras Bogor"",""keyword"":""Teras Bogor""}",2024-08-23 10:51:33
bogor.jawapos.com,"DPRD Kabupaten Bogor Sahkan Perubahan APBD 2024 di Rapat Paripurna, Pj Bupati Bogor: Ada Kenaikan Pendapatan   ","DPRD Kabupaten Bogor baru saja mengesahkan Raperda Perubahan APBD Kabupaten Bogor Tahun Anggaran 2024 di rapat paripurna, Minggu (25/8) .","<p> <!--img1--> </p> <p><strong>JP Bogor</strong>&nbsp;&ndash; DPRD Kabupaten Bogor baru saja mengesahkan Raperda tentang Perubahan APBD Kabupaten Bogor Tahun Anggaran 2024. Pengesahan dilakukan dalam forum Rapat Paripurna DPRD Kabupaten Bogor, Minggu (25/8/24).</p> <p>Dalam rapat yang juga dihadiri oleh Penjabat Bupati Bogor Asmawa Tosepu dan Ketua DPRD Kabupaten Bogor Rudy Susmanto itu, pemkab dan DPRD menyepakati perubahan APBD.</p> <p>Asmawa mengatakan, pengesahan itu menjadi momentum strategis. Mengingat penetapannya dilakukan di Paripurna terakhir keanggotaan DPRD Kabupaten Bogor Periode 2019&ndash;2024.</p> <p>&ldquo;Ini adalah bagian dari percepatan kita untuk melaksanakan aktivitas pembangunan di Kabupaten Bogor,&rdquo; ungkap Asmawa.</p> <p><strong class=""read__others"">Baca Juga: <a href=""https://bogor.jawapos.com/teras-bogor/2555005360/kabupaten-bogor-diusulkan-mekar-dprd-jabar-berharap-pemerintah-cabut-moratorium-pemekaran-daerah"">Kabupaten Bogor Diusulkan Mekar, DPRD Jabar Berharap Pemerintah Cabut Moratorium Pemekaran Daerah &nbsp;</a></strong></p> <p>Dalam perubahan APBD itu, lanjut Asmawa, ada beberapa poin yang jadi prioritas. Di antaranya pemenuhan untuk kebutuhan infrastruktur, termasuk di dalamnya sarana air bersih. Kemudian sektor kesehatan dan beberapa hal lain yang juga jadi tanggung jawab Pemkab Bogor.</p> <p>&ldquo;Yang pastinya ada kenaikan dari sisi pendapatan yang diakomodir atau ditampung dalam APBD Perubahan ini, baik sisi PAD, biaya transfer daerah, dan lainnya. Secara otomatis ada penyesuaian belanja yang sifatnya mengakomodir kebutuhan masyarakat yang tidak tertampung di APBD itu,&rdquo; jelas Asmawa.</p> <p>Menurutnya, dalam perubahan APBD itu juga ada penambahan anggaran di sejumlah pos. Salah satunya untuk infrastruktur jalan, air bersih, termasuk sektor kesehatan dan pendidikan yang juga jadi prioritas.</p> <p>&ldquo;Demikian gambaran umum mengenai rancangan perubahan APBD Tahun Anggaran 2024,&rdquo; jelas Asmawa.</p> <p>Dalam kesempatan itu, Asmwa juga mengapresiasi jajaran pimpinan dan anggota DPRD&nbsp;Kabupaten Bogor, yang telah memberikan saran dan masukan atas perubahan APBD 2024.</p> <p><strong class=""read__others"">Baca Juga: <a href=""https://bogor.jawapos.com/teras-bogor/2555008112/genjot-program-desa-kreatif-di-kabupaten-bogor-pj-bupati-bogor-andalkan-potensi-lokal-desa"">Genjot Program Desa Kreatif di Kabupaten Bogor, Pj Bupati Bogor Andalkan Potensi Lokal Desa</a></strong></p> <p>&ldquo;Sehingga hari ini dapat dilaksanakan penetapan persetujuan bersama DPRD Kabupaten Bogor dengan kepala daerah terhadap rancangan perubahan APBD Kabupaten Bogor Tahun Anggaran 2024.</p> <p>Dia juga meminta seluruh kepala perangkat daerah untuk segera rapat bersama jajarannya untuk menyiapkan pelaksaan program, kegiatan, dan sub kegiatan yang telah disepakati bersama.</p> <p class=""class-paragraph"">&ldquo;Agar pekerjaan dapat berjalan tepat waktu dan tepat sasaran sesuai dengan yang direncanakan,&rdquo; imbuhnya.</p>","[{""name"":""infrastruktur"",""id"":7787,""slug"":""""},{""name"":""rapat paripurna"",""id"":29639,""slug"":""""},{""name"":""kabupaten bogor"",""id"":47817,""slug"":""""},{""name"":""dprd kabupaten bogor"",""id"":629414,""slug"":""""},{""name"":""Kenaikan Pendapatan"",""id"":4915761,""slug"":""""},{""name"":""Penambahan Anggaran"",""id"":6157166,""slug"":""""},{""name"":""Perubahan APBD 2024"",""id"":6433216,""slug"":""perubahan-apbd-2024""},{""name"":""Pj Bupati Bogor Asmawa Tosepu"",""id"":6464044,""slug"":""pj-bupati-bogor-asmawa-tosepu""}]","[{""watermark"":""0"",""src"":""https:\/\/static.promediateknologi.id\/crop\/0x0:0x0\/x\/photo\/p2\/255\/2024\/08\/25\/APBD-perubahan-kab-bogor-642237834.jpeg"",""author"":"""",""caption"":""Pj Bupati Bogor Asmawa Tosepu (kiri) dan Ketua DPRD Kabupaten Bogor Rudy Susmanto di Rapat Paripurna Pengesahan Perubahan APBD Kabupaten Bogor 2024, Minggu (25\/8). (dok. Diskominfo Kabupaten Bogor)"",""block"":""<img src=\""https:\/\/static.promediateknologi.id\/crop\/0x0:0x0\/x\/photo\/p2\/255\/2024\/08\/25\/APBD-perubahan-kab-bogor-642237834.jpeg\"" width=\""100%\"" data-crop=\""\"" data-caption=\""Pj Bupati Bogor Asmawa Tosepu (kiri) dan Ketua DPRD Kabupaten Bogor Rudy Susmanto di Rapat Paripurna Pengesahan Perubahan APBD Kabupaten Bogor 2024, Minggu (25\/8). (dok. Diskominfo Kabupaten Bogor)\"" data-author=\""\"" data-source=\""\"" data-credit=\""\"" data-watermark=\""0\"" \/>"",""source"":"""",""credit"":"""",""crop"":""""}]","[{""profile"":"""",""name"":""Bayu Putra"",""photo"":null,""id"":89,""email"":""bayuputra.virtual@gmail.com""}]","{""profile"":"""",""name"":""Bayu Putra"",""photo"":null,""id"":89,""email"":""bayuputra.virtual@gmail.com""}","{""parent"":null,""name"":""Teras Bogor"",""description"":""Teras Bogor"",""alias"":""teras-bogor"",""id"":4722,""title"":""Teras Bogor"",""keyword"":""Teras Bogor""}",2024-08-25 17:27:52
bogor.jawapos.com,"DPRD Sahkan APBD Perubahan Kabupaten Bogor di Rapat Paripurna, Pendapatan Daerah Naik Jadi Rp 10,8 Triliun   ","DPRD Kabupaten Bogor mengesahkan APBD Perubahan Kabupaten Bogor Tahun 2024, sepakati kenaikan target pendapatan dan belanja daerah.","<p>&nbsp;</p> <p><strong> <!--img1--> </strong></p> <p><strong>JP Bogor &ndash; </strong>DPRD Kabupaten Bogor mengesahkan APBD Perubahan Kabupaten Bogor Tahun 2024 dalam rapat paripurna di Gedung DPRD, Cibinong, Minggu (25/8).</p> <p>Dalam APBD Perubahan 2024, Pemkab Bogor dan DPRD Kabupaten Bogor menyepakati peningkatan target pendapatan dan belanja daerah.</p> <p>Pendapatan daerah yang pada APBD 2024 ditargetkan Rp 9,6 triliun, dinaikkan sebesar 12,59 persen menjadi Rp 10,816 triliun di APBD Perubahan 2024.</p> <p>""Naiknya target pendapatan daerah diiringi dengan peningkatan target belanja. Yang awalnya Rp 10,528 triliun naik menjadi Rp 11,342 triliun dalam APBD Perubahan 2024,"" ujar&nbsp;Ketua DPRD Kabupaten Bogor Rudy Susmanto, sebagaimana dilansir dari <em>Antara</em>.</p> <p><strong class=""read__others"">Baca Juga: <a href=""https://bogor.jawapos.com/teras-bogor/2555015680/dprd-kabupaten-bogor-sahkan-perubahan-apbd-2024-di-rapat-paripurna-pj-bupati-bogor-ada-kenaikan-pendapatan"">DPRD Kabupaten Bogor Sahkan Perubahan APBD 2024 di Rapat Paripurna, Pj Bupati Bogor: Ada Kenaikan Pendapatan &nbsp;</a></strong></p> <p>Rudy juga menjelaskan bahwa pengesahan APBD Perubahan Tahun 2024 ini merupakan produk legislasi terakhir dari anggota DPRD Kabupaten Bogor periode 2019&ndash;2024.</p> <p>Dalam kesempatan itu, Rudy mengingatkan Pemkab Bogor untuk memastikan pelaksanaan pengelolaan keuangan daerah memenuhi tahapan serta mekanisme yang berlaku.</p> <p>""Sehingga tidak menimbulkan potensi kerugian negara. Karena DPRD bisa membatalkan APBD ini jika justru merugikan negara,"" lanjutnya.</p> <p>Sementara itu, Penjabat Bupati Bogor Asmawa Tosepu mengungkapkan, ada beberapa poin yang jadi prioritas dalam APBD Perubahan 2024. Di antaranya kebutuhan infrastruktur, termasuk pemenuhan sarana air bersih, kemudian kebutuhan sektor kesehatan dan beberapa hal lain.</p> <p><strong class=""read__others"">Baca Juga: <a href=""https://bogor.jawapos.com/teras-bogor/2555008112/genjot-program-desa-kreatif-di-kabupaten-bogor-pj-bupati-bogor-andalkan-potensi-lokal-desa"">Genjot Program Desa Kreatif di Kabupaten Bogor, Pj Bupati Bogor Andalkan Potensi Lokal Desa</a></strong></p> <p>&ldquo;Perubahan ini terkait baik sisi PAD, biaya transfer daerah, dan termasuk lainnya. Secara otomatis ada penyesuaian belanja yang sifatnya mengakomodir kebutuhan masyarakat yang tidak tertampung di APBD itu,&rdquo; kata&nbsp;Asmawa.</p> <p>Ia juga mengingatkan seluruh kepala perangkat daerah untuk segera rapat bersama jajarannya untuk menyiapkan pelaksanaan program, kegiatan dan subkegiatan yang telah disepakati. &ldquo;Agar pekerjaan dapat berjalan tepat waktu dan tepat sasaran sesuai dengan yang direncanakan,&rdquo; imbuhnya.</p>","[{""name"":""infrastruktur"",""id"":7787,""slug"":""""},{""name"":""rapat paripurna"",""id"":29639,""slug"":""""},{""name"":""kabupaten bogor"",""id"":47817,""slug"":""""},{""name"":""pendapatan daerah"",""id"":60045,""slug"":""""},{""name"":""apbd perubahan"",""id"":247707,""slug"":""""},{""name"":""pemkab bogor"",""id"":555591,""slug"":""""},{""name"":""dprd kabupaten bogor"",""id"":629414,""slug"":""""},{""name"":""Ketua DPRD Kabupaten Bogor Rudy Susmanto"",""id"":4310136,""slug"":""""},{""name"":""Pj Bupati Bogor Asmawa Tosepu"",""id"":6464044,""slug"":""pj-bupati-bogor-asmawa-tosepu""}]","[{""watermark"":""0"",""src"":""https:\/\/static.promediateknologi.id\/crop\/0x0:0x0\/x\/photo\/p2\/255\/2024\/08\/25\/5c59ee51-ccca-444f-b845-ffbae4759278-3018707912.jpeg"",""author"":"""",""caption"":""Wakil Ketua DPRD Kabupaten Bogor Agus Salim (kanan) bersama Penjabat Bupati Bogor Asmawa Tosepu, di Gedung DPRD Kabupaten Bogor, Minggu (25\/8\/2024). (ANTARA\/HO-DPRD Kabupaten Bogor)"",""block"":""<img src=\""https:\/\/static.promediateknologi.id\/crop\/0x0:0x0\/x\/photo\/p2\/255\/2024\/08\/25\/5c59ee51-ccca-444f-b845-ffbae4759278-3018707912.jpeg\"" width=\""100%\"" data-crop=\""\"" data-caption=\""Wakil Ketua DPRD Kabupaten Bogor Agus Salim (kanan) bersama Penjabat Bupati Bogor Asmawa Tosepu, di Gedung DPRD Kabupaten Bogor, Minggu (25\/8\/2024). (ANTARA\/HO-DPRD Kabupaten Bogor)\"" data-author=\""\"" data-source=\""\"" data-credit=\""\"" data-watermark=\""0\"" \/>"",""source"":"""",""credit"":"""",""crop"":""""}]","[{""profile"":"""",""name"":""Antara"",""photo"":null,""id"":123,""email"":""antara@news.com""}]","{""profile"":"""",""name"":""Bayu Putra"",""photo"":null,""id"":89,""email"":""bayuputra.virtual@gmail.com""}","{""parent"":null,""name"":""Teras Bogor"",""description"":""Teras Bogor"",""alias"":""teras-bogor"",""id"":4722,""title"":""Teras Bogor"",""keyword"":""Teras Bogor""}",2024-08-25 19:22:35
bogor.jawapos.com,"Pemkot Bogor Susun Rencana Aksi Daerah Pangan dan Gizi, Gandeng GAIN Indonesia   ",Pemkot Bogor tengah Menyusun Rencana Aksi Daerah Pangan dan Gizi (RAD PG) Tahun 2025–2029 dengan menggandeng GAIN Indonesia.,"<p> <!--img1--> </p> <p>&nbsp;</p> <p><strong>JP Bogor</strong> &ndash; Pemkot Bogor tengah Menyusun Rencana Aksi Daerah Pangan dan Gizi (RAD PG) Tahun 2025&ndash;2029. Dalam penyusunannya, pemkot Bogor menggandeng The Global Alliance for Improved Nutrition (GAIN) Indonesia.</p> <p>Sekda Kota Bogor Syarifah Sofiah mengatakan, RAD PG disusun sebagai bagian upaya pengembangan sumber daya manusia (SDM) di Kota Bogor.</p> <p>Dalam kesepakatannya, GAIN akan membantu Pemkot Bogor dengan menyediakan tenaga ahli utama, konsultasi publik,&nbsp;<em>focus&nbsp;group&nbsp;discussion</em>&nbsp;(FGD), dan sosialisasi RAD PG Kota Bogor 2025&ndash;2029.</p> <p><strong class=""read__others"">Baca Juga: <a href=""https://bogor.jawapos.com/teras-bogor/2555008738/luncurkan-layanan-laksa-untuk-wisata-di-kota-bogor-kadisparbud-kota-bogor-mudah-mudahan-10-juta-kunjungan-dapat"">Luncurkan Layanan Laksa untuk Wisata di Kota Bogor, Kadisparbud Kota Bogor: Mudah-Mudahan 10 Juta Kunjungan Dapat &nbsp;</a></strong></p> <p>""Pemkot Bogor sendiri berkomitmen untuk mengoordinasikan proses pelaksanaan penyusunan RAD PG Kota Bogor 2025&ndash;2029 kepada seluruh perangkat daerah di lingkungan Pemkot Bogor,""&nbsp;jelas Syarifah, Minggu (25/8) sebagaimana dilansir dari <em>Antara</em>. Juga pada instansi atau organisasi pemangku kepentingan pangan dan gizi di Kota Bogor.</p> <p>Dalam kesempatan itu, Syarifah mengapresiasi GAIN atas inisiatif tersebut. ""Ini satu hal yang sangat strategis kalau kita punya rencana aksi daerah untuk pangan dan gizi karena kita punya catatan,"" ucapnya.</p> <p>Hal senada disampaikan Kepala Badan Perencanaan Pembangunan, Riset, dan Inovasi Daerah (Bapperida) Kota Bogor Rudy Mashudi. Dia mengatakan&nbsp;penyusunan RAD PG penting dilakukan. Karena menjadi kewajiban setelah penyusunan rencana aksi nasional pangan dan gizi.</p> <p><strong class=""read__others"">Baca Juga: <a href=""https://bogor.jawapos.com/teras-bogor/2555008288/kota-bogor-dapat-penghargaan-pariwisata-ramah-muslim-kadisparbud-tidak-pernah-ada-isu-sara"">Kota Bogor Dapat Penghargaan Pariwisata Ramah Muslim, Kadisparbud: Tidak Pernah Ada Isu SARA &nbsp;</a></strong></p> <p>Menurut Rudy, RAD PG menjadi bagian penting dalam pengembangan SDM. Sehingga diharapkan kolaborasi dengan GAIN yang lewat penandatanganan komitmen bisa berjalan dengan baik.</p> <p>""Terima kasih dan apresiasi kami atas penyusunan rencana aksi daerah. Mulai dari penyiapan tenaga ahli, proses FGD, proses sosialisasi, sampai langkah-langkah aksi yang akan dilakukan bersama di Kota Bogor,""&nbsp;katanya.</p>","[{""name"":""gizi"",""id"":45125,""slug"":""""},{""name"":""pemkot bogor"",""id"":56445,""slug"":""""},{""name"":""pengembangan sdm"",""id"":65105,""slug"":""""},{""name"":""pangan"",""id"":170368,""slug"":""""},{""name"":""GAIN Indonesia"",""id"":6468972,""slug"":""gain-indonesia""},{""name"":""Rencana Aksi Daerah Pangan dan Gizi"",""id"":6468973,""slug"":""rencana-aksi-daerah-pangan-dan-gizi""}]","[{""watermark"":""0"",""src"":""https:\/\/static.promediateknologi.id\/crop\/0x0:0x0\/x\/photo\/p2\/255\/2024\/08\/25\/2c684ea7-b646-4a55-b905-9c326e4047a5-2911152383.jpeg"",""author"":"""",""caption"":""Sekretaris Daerah Kota Bogor Syarifah Sofiah. (ANTARA\/HO-Pemkot Bogor)"",""block"":""<img src=\""https:\/\/static.promediateknologi.id\/crop\/0x0:0x0\/x\/photo\/p2\/255\/2024\/08\/25\/2c684ea7-b646-4a55-b905-9c326e4047a5-2911152383.jpeg\"" width=\""100%\"" data-crop=\""\"" data-caption=\""Sekretaris Daerah Kota Bogor Syarifah Sofiah. (ANTARA\/HO-Pemkot Bogor)\"" data-author=\""\"" data-source=\""\"" data-credit=\""\"" data-watermark=\""0\"" \/>"",""source"":"""",""credit"":"""",""crop"":""""}]","[{""profile"":"""",""name"":""Antara"",""photo"":null,""id"":123,""email"":""antara@news.com""}]","{""profile"":"""",""name"":""Bayu Putra"",""photo"":null,""id"":89,""email"":""bayuputra.virtual@gmail.com""}","{""parent"":null,""name"":""Teras Bogor"",""description"":""Teras Bogor"",""alias"":""teras-bogor"",""id"":4722,""title"":""Teras Bogor"",""keyword"":""Teras Bogor""}",2024-08-25 19:59:27
bogor.jawapos.com,"Chocoletters Raih Juara 3 Program Udunan di Jawa Barat, Disbudpar Kabupaten Bogor Beri Apresiasi   ","Produk ekonomi kreatif lokal asal Kabupaten Bogor, Chocoletters meraih juara 3 Program Usaha Dukungan Keuangan (Udunan) Pemprov Jawa Barat.","<p> <!--img1--> </p> <p>&nbsp;</p> <p><strong>JP Bogor</strong> &ndash; Produk ekonomi kreatif (ekraf) lokal asal Kabupaten Bogor, Chocoletters, berhasil meraih juara 3 Program Usaha Dukungan Keuangan (Udunan) yang diadakan Pemprov Jawa Barat.</p> <p>Raihan itu diapresiasi Kepala Dinas Kebudayaan dan Pariwisata (Disbudpar) Kabupaten Bogor Yudi Santoso. Yudi mengaku terkesan dan bersyukur karena Chocoletters berhasil menyandang predikat juara dengan mengalahkan puluhan produk ekonomi kreatif lainnya.</p> <p>""Ini kado di Hari Kemerdekaan untuk Kabupaten Bogor. Selamat untuk Teh Dian (Dian Annisa, CEO Chocoletters) dan Tim dari Chocoletters. Semoga bisa menginspirasi pengusaha ekraf Kabupaten Bogor lainnya,"" ujar Yudi, sebagaimana dilansir dari <em>Antara</em>.</p> <p><strong class=""read__others"">Baca Juga: <a href=""https://bogor.jawapos.com/teras-bogor/2555008112/genjot-program-desa-kreatif-di-kabupaten-bogor-pj-bupati-bogor-andalkan-potensi-lokal-desa"">Genjot Program Desa Kreatif di Kabupaten Bogor, Pj Bupati Bogor Andalkan Potensi Lokal Desa</a></strong></p> <p>CEO Chocoletters Dian Annisa mengaku tidak menyangka usaha yang ia jalankan mendapatkan penghargaan dari Pemprov Jabar. Menurut dia, Chocoletters hanya berupaya menciptakan produk cokelat yang sehat dan bisa dikonsumsi semua kalangan.</p> <p>""Enggak ekspektasi bisa juara 3. Awalnya saya kaget ketika diumumkan jadi empat besar di Kabupaten Bogor, dan terpilih masuk dua besar mewakili Kabupaten Bogor untuk terus melaju ke tingkat nasional dan harus presentasi di Bandung,"" kata Dian.</p> <p>Kabid Pengembangan Bisnis SDM dan SDA Komite Ekraf Kabupaten Bogor (Kabekraf) yang juga Andre Rudyanto mengungkapkan bahwa perjalanan Chocoletters dan Follow Us sangatlah panjang.</p> <p><strong class=""read__others"">Baca Juga: <a href=""https://bogor.jawapos.com/teras-bogor/2555007863/penertiban-bangunan-liar-di-kawasan-puncak-bogor-berlanjut-pekan-depan-satpol-pp-beri-tiga-kali-peringatan"">Penertiban Bangunan Liar di Kawasan Puncak Bogor Berlanjut Pekan Depan, Satpol PP Beri Tiga Kali Peringatan &nbsp;</a></strong></p> <p>Pria yang juga menjadi coach produk ekraf Chocoletters dan Follow Us itu bersyukur Chocoletters berhasil meraih juara 3 dan membawa pulang hadiah dari Udunan.</p> <p>""Chocoletters bukan hanya memiliki keunggulan dalam produk, namun juga sosok Teh Dian yang hebat dalam mengelola bisnis. Kami dari Kabekraf juga berupaya melakukan pendampingan yang terbaik agar Chocoletters dan Follow Us bisa mendapatkan hasil terbaik,"" ujarnya.</p>","[{""name"":""kabupaten bogor"",""id"":47817,""slug"":""""},{""name"":""apresiasi"",""id"":621689,""slug"":""""},{""name"":""disbudpar"",""id"":1099750,""slug"":""""},{""name"":""Juara 3"",""id"":1740863,""slug"":""""},{""name"":""Ekonomi Kreatif (Ekraf)"",""id"":1932548,""slug"":""""},{""name"":""Chocoletters"",""id"":6469274,""slug"":""chocoletters""},{""name"":""Program Udunan Jawa Barat"",""id"":6469275,""slug"":""program-udunan-jawa-barat""}]","[{""watermark"":""0"",""src"":""https:\/\/static.promediateknologi.id\/crop\/0x0:0x0\/x\/photo\/p2\/255\/2024\/08\/25\/6f33cb20-4768-43f8-b994-4f581201f182-167743152.jpeg"",""author"":"""",""caption"":""CEO Chocoletters Dian Annisa (tiga dari kiri) menerima piagam juara Program Udunan dari Pemprov Jabar di Kota Bandung, Jawa Barat. (ANTARA\/HO-Kabekraf)"",""block"":""<img src=\""https:\/\/static.promediateknologi.id\/crop\/0x0:0x0\/x\/photo\/p2\/255\/2024\/08\/25\/6f33cb20-4768-43f8-b994-4f581201f182-167743152.jpeg\"" width=\""100%\"" data-crop=\""\"" data-caption=\""CEO Chocoletters Dian Annisa (tiga dari kiri) menerima piagam juara Program Udunan dari Pemprov Jabar di Kota Bandung, Jawa Barat. (ANTARA\/HO-Kabekraf)\"" data-author=\""\"" data-source=\""\"" data-credit=\""\"" data-watermark=\""0\"" \/>"",""source"":"""",""credit"":"""",""crop"":""""}]","[{""profile"":"""",""name"":""Antara"",""photo"":null,""id"":123,""email"":""antara@news.com""}]","{""profile"":"""",""name"":""Bayu Putra"",""photo"":null,""id"":89,""email"":""bayuputra.virtual@gmail.com""}","{""parent"":null,""name"":""Teras Bogor"",""description"":""Teras Bogor"",""alias"":""teras-bogor"",""id"":4722,""title"":""Teras Bogor"",""keyword"":""Teras Bogor""}",2024-08-25 23:41:25
bogor.jawapos.com,"Penertiban Bangunan Liar di Puncak Bogor Dimulai, Hampir Separo Pemilik Bongkar Sendiri Bangunannya   ","Penertiban bangunan liar tahap II di kawasan wisata Puncak, Kabupaten Bogor, mulai dilangsungkan hari ini, Senin (26/8). ","<p> <!--img1--> </p> <p>&nbsp;</p> <p><strong>JP Bogor</strong> &ndash; Penertiban bangunan liar tahap II di kawasan wisata Puncak, Kabupaten Bogor, mulai dilangsungkan&nbsp;hari ini, Senin (26/8). Namun, sebelum penertiban dimulai, sejumlah pemilik bangunan liar memilih membongkar sendiri bangunannya.</p> <p>Langkah itu diapresiasi Penjabat Bupati Bogor Asmawa Tosepu. Menurut dia, penertiban tahap II kawasan wisata Puncak&nbsp;Bogor&nbsp; terbantu kesadaran warga yang melakukan pembongkaran bangunan liar secara mandiri.</p> <p>Usai memimpin apel penertiban di Puncak&nbsp;Cisarua,&nbsp;Senin (26/8), mengungkapkan bahwa sebanyak 96 bangunan liar telah dibongkar secara mandiri oleh pemiliknya.</p> <p><strong class=""read__others"">Baca Juga: <a href=""https://bogor.jawapos.com/teras-bogor/2555007922/bangunan-liar-di-puncak-bogor-akan-ditertibkan-dishub-bogor-imbau-hindari-jalur-wisata-puncak-di-tanggal-ini"">Bangunan Liar di Puncak Bogor akan Ditertibkan, Dishub Bogor Imbau Hindari Jalur Wisata Puncak di Tanggal Ini &nbsp;</a></strong></p> <p>""Dari 196 yang menjadi target tahap II ini, setelah dilakukan penjelasan, sosialisasi, maka sampai pada posisi semalam 96 bangunan sudah dibongkar mandiri. Artinya ada kesadaran,"" ujar Asmawa, sebagaimana dilansir dari <em>Antara</em>.</p> <p>Pembongkaran mandiri itu, lanjut Asmawa, dilakukan usai pemkab Bogor melakukan sosialisasi dan memberi surat peringatan satu hingga tiga. ""Yang belum sempat membongkar secara mandiri, mungkin ada hambatan dari segi peralatan maka kami memberikan bantuan,"" jelasnya.</p> <p>Penertiban itu bagian dari upaya pemkab bogor untuk menata kawasan Puncak. Penertiban tahap I sudah dilakukan pada 24 Juli lalu, dengan memindahkan PKL ke Rest Area Gunung Mas.</p> <p><strong class=""read__others"">Baca Juga: <a href=""https://bogor.jawapos.com/teras-bogor/2555007863/penertiban-bangunan-liar-di-kawasan-puncak-bogor-berlanjut-pekan-depan-satpol-pp-beri-tiga-kali-peringatan"">Penertiban Bangunan Liar di Kawasan Puncak Bogor Berlanjut Pekan Depan, Satpol PP Beri Tiga Kali Peringatan &nbsp;</a></strong></p> <p>Pada penertiban lapak pedagang itu, Pemkab Bogor meratakan 329 bangunan di sepanjang Jalur Puncak. Terdiri dari 185 bangunan dari Gantole hingga Rest Area Gunung Mas dan 144 bangunan dari Simpang Taman Safari Indonesia hingga Rest Area Gunung Mas.</p> <p>Rest Area Gunung Mas memiliki kapasitas 516 kios. Terdiri dari 100 kios untuk pedagang basah seperti sayur dan buah, serta 416 kios untuk pedagang kering seperti oleh-oleh dan camilan. Masing-masing kios memiliki luas 11 meter persegi.</p>","[{""name"":""puncak bogor"",""id"":7143,""slug"":""""},{""name"":""kabupaten bogor"",""id"":47817,""slug"":""""},{""name"":""bangunan liar"",""id"":68356,""slug"":""""},{""name"":""kawasan wisata"",""id"":227598,""slug"":""""},{""name"":""penertiban"",""id"":239511,""slug"":""""},{""name"":""rest area Gunung Mas"",""id"":1269484,""slug"":""""}]","[{""watermark"":""0"",""src"":""https:\/\/static.promediateknologi.id\/crop\/0x0:0x0\/x\/photo\/p2\/255\/2024\/08\/26\/IMG_0066-434836563.jpg"",""author"":"""",""caption"":""Warga membongkar sendiri bangunan liar miliknya di kawasan wisata Puncak, Kabupaten Bogor, Senin (26\/8\/2024). (ANTARA\/M Fikri Setiawan)"",""block"":""<img src=\""https:\/\/static.promediateknologi.id\/crop\/0x0:0x0\/x\/photo\/p2\/255\/2024\/08\/26\/IMG_0066-434836563.jpg\"" width=\""100%\"" data-crop=\""\"" data-caption=\""Warga membongkar sendiri bangunan liar miliknya di kawasan wisata Puncak, Kabupaten Bogor, Senin (26\/8\/2024). (ANTARA\/M Fikri Setiawan)\"" data-author=\""\"" data-source=\""\"" data-credit=\""\"" data-watermark=\""0\"" \/>"",""source"":"""",""credit"":"""",""crop"":""""}]","[{""profile"":"""",""name"":""Antara"",""photo"":null,""id"":123,""email"":""antara@news.com""}]","{""profile"":"""",""name"":""Bayu Putra"",""photo"":null,""id"":89,""email"":""bayuputra.virtual@gmail.com""}","{""parent"":null,""name"":""Teras Bogor"",""description"":""Teras Bogor"",""alias"":""teras-bogor"",""id"":4722,""title"":""Teras Bogor"",""keyword"":""Teras Bogor""}",2024-08-26 11:24:31
bogor.jawapos.com,"Antisipasi Macet Akibat Penertiban Bangunan Liar di Puncak Bogor, Polres Cianjur Alihkan Arus Kendaraan   ","Polres Cianjur mengalihkan arus kendaraan yang melintas ke jalur Puncak dari Cianjur ke jalur alternatif Jonggol dan Sukabumi, Senin (26/8).","<p> <!--img1--> </p> <p>&nbsp;</p> <p><strong>JP Bogor</strong> &ndash; Polres Cianjur, Jawa Barat, mengalihkan arus kendaraan yang melintas ke jalur Puncak dari Cianjur ke jalur alternatif Jonggol dan Sukabumi.</p> <p>Pengalihan itu terkait penertiban bangunan liar di sepanjang jalur wisata Puncak, Senin (26/8) untuk mengantisipasi kemacetan.</p> <p>Kasatlantas Polres Cianjur AKP Anjar Maulana mengatakan, selain mengarahkan pengguna jalan ke jalur alternatif, pihaknya juga melakukan rekayasa arus dan sistem buka tutup. Khususnya di kawasan Ciloto&ndash;Bumi Aki, Puncak.</p> <p><strong class=""read__others"">Baca Juga: <a href=""https://bogor.jawapos.com/teras-bogor/2555018056/penertiban-bangunan-liar-di-puncak-bogor-dimulai-hampir-separo-pemilik-bongkar-sendiri-bangunannya"">Penertiban Bangunan Liar di Puncak Bogor Dimulai, Hampir Separo Pemilik Bongkar Sendiri Bangunannya &nbsp;</a></strong></p> <p>""Sifatnya situasional. Ketika Polres Bogor melakukan sistem buka tutup arus, kami akan memutar balik kendaraan mulai dari kawasan Ciloto atau dari Bundaran Lampu Gentur&ndash;By Pass Cianjur,"" katanya, sebagaimana dilansir dari <em>Antara</em>.</p> <p>Menjelang siang, lanjut Anjar, antrean kendaraan mulai terlihat sehingga Polres Bogor menutup jalur menuju Puncak dari Bogor. Karena itu, pihaknya melakukan hal yang sama untuk mencegah kemacetan selama penertiban.</p> <p>Untuk penngaturan arus lalu lintas, Polres Cianjur menerjunkan sekitar 100 personel untuk memutar balik kendaraan ke sejumlah jalur alternatif termasuk di kawasan Cipanas.</p> <p><strong class=""read__others"">Baca Juga: <a href=""https://bogor.jawapos.com/teras-bogor/2555007922/bangunan-liar-di-puncak-bogor-akan-ditertibkan-dishub-bogor-imbau-hindari-jalur-wisata-puncak-di-tanggal-ini"">Bangunan Liar di Puncak Bogor akan Ditertibkan, Dishub Bogor Imbau Hindari Jalur Wisata Puncak di Tanggal Ini &nbsp;</a></strong></p> <p>""Wilayah hukum Cianjur biasanya terdampak ekor antrean dari wilayah Bogor, sehingga kita lakukan antisipasi agar tidak terjadi penumpukan dan kepadatan arus di saat pelaksanaan penertiban,"" jelas Anjar.</p> <p>Sebelumnya, Pemkab Bogor melakukan penertiban 196 bangunan liar di kawasan Puncak, Senin (26/8) Di mana hampir separonya telah dibongkar secara mandiri oleh pemiliknya.</p>","[{""name"":""puncak bogor"",""id"":7143,""slug"":""""},{""name"":""jalur alternatif"",""id"":8278,""slug"":""""},{""name"":""sukabumi"",""id"":58907,""slug"":""""},{""name"":""antisipasi macet"",""id"":83060,""slug"":""""},{""name"":""penertiban bangunan liar"",""id"":96674,""slug"":""""},{""name"":""jonggol"",""id"":172120,""slug"":""""},{""name"":""polres cianjur"",""id"":479479,""slug"":""""},{""name"":""jalur wisata Puncak"",""id"":6281578,""slug"":""jalur-wisata-puncak""}]","[{""watermark"":""0"",""src"":""https:\/\/static.promediateknologi.id\/crop\/0x0:0x0\/x\/photo\/p2\/255\/2024\/08\/26\/bongkar-jalur-1917339727.jpg"",""author"":"""",""caption"":""Antrean kendaraan mengular di jalur Puncak-Cianjur saat proses penertiban bangunan liar dilakukan petugas gabungan Pemkab Bogor di sepanjang jalur Puncak Bogor, Senin (26\/8\/2024). (ANTARA\/Ahmad Fikri)"",""block"":""<img src=\""https:\/\/static.promediateknologi.id\/crop\/0x0:0x0\/x\/photo\/p2\/255\/2024\/08\/26\/bongkar-jalur-1917339727.jpg\"" width=\""100%\"" data-crop=\""\"" data-caption=\""Antrean kendaraan mengular di jalur Puncak-Cianjur saat proses penertiban bangunan liar dilakukan petugas gabungan Pemkab Bogor di sepanjang jalur Puncak Bogor, Senin (26\/8\/2024). (ANTARA\/Ahmad Fikri)\"" data-author=\""\"" data-source=\""\"" data-credit=\""\"" data-watermark=\""0\"" \/>"",""source"":"""",""credit"":"""",""crop"":""""}]","[{""profile"":"""",""name"":""Antara"",""photo"":null,""id"":123,""email"":""antara@news.com""}]","{""profile"":"""",""name"":""Bayu Putra"",""photo"":null,""id"":89,""email"":""bayuputra.virtual@gmail.com""}","{""parent"":null,""name"":""Teras Bogor"",""description"":""Teras Bogor"",""alias"":""teras-bogor"",""id"":4722,""title"":""Teras Bogor"",""keyword"":""Teras Bogor""}",2024-08-26 15:46:54